balanced_accuracy,f1_macro,f1_weighted,roc_auc_macro_ovr
0.8857650883966673,0.8837784003417479,0.866293068075323,0.9776498226970308
0.9100131516021042,0.9067115768463074,0.8979713300671385,0.9804306399760709
0.855718085106383,0.8441479664986409,0.8511789623134284,0.9701854572917601
0.8095601045296168,0.8238089158032978,0.844566414178263,0.9743695190295804
0.7934964308303967,0.7963450292397661,0.8861456671982989,0.9727192461973347
0.9367375886524822,0.8777710691370485,0.9050539276406193,0.9901697740238997
0.8440860215053764,0.856812538795779,0.8833726463894063,0.9846835662465176
0.8967405913978495,0.8864786615908636,0.8821756495024378,0.9810189509112923
0.8788444199559207,0.860940065681445,0.8835771508185302,0.9823770725551804
0.8323676323676323,0.8054825042004529,0.8372499928055483,0.9674029901302629
0.9091354723707665,0.9049982550699911,0.9116339242594622,0.9883926800747848
0.8538602941176471,0.8383445945945946,0.8601228501228501,0.9755121536933846
0.9227843545032794,0.9208100486750023,0.9034407587045108,0.9827914307799446
0.8025687597301505,0.8006640432857846,0.8220006260340742,0.9686760187187533
0.9070135746606335,0.8905791491158731,0.8727458120090577,0.981363630134915
0.9136054421768707,0.8982326173222912,0.8923575820314951,0.9771916143438402
0.9157955865272938,0.9056060606060606,0.9035775941230487,0.9864889083917896
0.8800301663542642,0.8850424448217318,0.9012651472277958,0.987147229964348
0.8900598729227762,0.8661675035868006,0.8630320420851267,0.9716225789122569
0.9087774547803618,0.8948077206591138,0.8922839114789579,0.981887887011881
0.9025974025974026,0.8953863021807273,0.8944196651513725,0.9852133346451528
0.9260651629072681,0.9239550795775695,0.911240923289116,0.986496666063567
0.9141748366013072,0.9119839901129658,0.8986823529584549,0.9879858369522306
0.8619875222816399,0.885070306038048,0.8970819861142443,0.9825604560840948
0.9114543114543114,0.8964077844445943,0.9042444944285435,0.9889883289667676
0.9163646918097382,0.9068181818181817,0.8831221303948577,0.9773597634190379
0.9039813623146957,0.8991340937543469,0.8924788291876898,0.9804427354944165
0.9333887043189368,0.9053096082507848,0.8828142004612594,0.9782173216148573
0.8634920634920635,0.8422222222222222,0.824969696969697,0.9682406313659544
0.9491698518872432,0.9409853279631761,0.9356321790982322,0.9912288687770647
0.8783223889931207,0.8743657017645023,0.8934038808101776,0.9806143947666999
0.8462130541871921,0.8459884787191135,0.8750918079731175,0.9754475907741493
0.8549679487179487,0.8401448461932333,0.8472155085058312,0.9692965369879163
0.9159583641290958,0.8986167341430499,0.9046824520508732,0.9908691094506722
0.861152376910017,0.8293183940242763,0.835551028492205,0.9732290921836533
0.9113822622525154,0.9111452092408175,0.910591369553317,0.9874941520272206
0.8807432740538076,0.8766890310500858,0.8619082067357929,0.9769549920623232
0.8656543151969981,0.8608725347904038,0.8566441327817577,0.9745917246749416
0.842989417989418,0.8244711772163952,0.8258042040980396,0.9673820754055854
0.8926445578231292,0.872011385199241,0.8630763038353173,0.9772942890173941
0.8982657793910063,0.8768453296629153,0.8844284477026766,0.9804643664126422
0.8682662089225934,0.8599728919960051,0.8627326770342892,0.9705503389288994
0.883076923076923,0.8664999044037983,0.8587934021239737,0.9774395955258024
0.8781045751633987,0.8555214309495434,0.8674566185188776,0.9791660287738719
0.8639192886456908,0.8394523694390716,0.8276412578395171,0.9681510178352206
0.9344653573376978,0.9063551493120231,0.8884238345723655,0.9786561784343125
0.8698199137811152,0.8406600793170667,0.8667404026145707,0.984077504493061
0.8589717775764287,0.8572586481401071,0.8576758466120168,0.9690152169001236
0.8856275303643725,0.8949532710280375,0.9092744265080713,0.9805844714248924
0.9020604395604396,0.8833333333333333,0.8707070707070707,0.9712604293999031
0.8884439359267734,0.900361169837914,0.9089236978666153,0.9834785841382274
0.8928571428571428,0.8730800198191503,0.8436224001441393,0.9753438050513079
0.776264404609475,0.7800932835820895,0.8820090456806874,0.9807696176906744
0.9048624564122434,0.8789156626506025,0.9072362175976633,0.9907389391272942
0.8703983516483517,0.8723497047772409,0.8939084890775711,0.980148475925988
0.8912572127994405,0.8788430909321683,0.8776672831815993,0.9822490718909418
0.9224089635854341,0.8817755825734549,0.8599720610358909,0.9768414344617553
0.8960223835450696,0.8739509002846897,0.8657499683491475,0.9734392267349381
0.8373293373293373,0.8231769181991122,0.8339801310505177,0.9642854204589983
0.8836768851303736,0.8850197127181494,0.8750494885721375,0.978698574382595
0.8505414695446482,0.8617469879518072,0.8747175715850414,0.9766488316254617
0.8991596638655462,0.8798965262379896,0.8730901028018545,0.9802731295373677
0.9020490334548981,0.8737638604453792,0.8691549915494123,0.9820483220296865
0.9102032227032226,0.9068960917700413,0.8989066333604149,0.9796576775703534
0.9315159574468085,0.9139082903127846,0.8952157469011403,0.9785917224136157
0.8592117758784424,0.8392879609970905,0.8750372800903586,0.9783809297698187
0.8812756919704028,0.8643848550656218,0.8509770731581703,0.967874572934604
0.8736111111111111,0.848529411764706,0.8706206449521958,0.9672968936678614
0.8987727958316194,0.8905681818181819,0.877909090909091,0.9861220976188961
0.8975468975468975,0.8644111906310996,0.8538577709430019,0.9773243060012553
0.8077668455575433,0.8184255822215689,0.844263094764767,0.9749154984109781
0.9053213024377638,0.9032766686713964,0.8855919605660144,0.9822871289921945
0.9143074912891986,0.9025600835945664,0.8985909249232132,0.98510612631055
0.8945157402155417,0.890625,0.8859090909090908,0.9804165405052775
0.897409188034188,0.8691160765628851,0.8618975427486065,0.9765659056908189
0.9062223695844385,0.8941270643747894,0.8907242291468783,0.9818074397815777
0.8929979086229086,0.8883947103125185,0.8843352579342617,0.9794619087517926
0.8118076776165011,0.8148809523809524,0.8527561327561326,0.9774305196479898
0.909324686940966,0.8916007989727494,0.8874417221148567,0.982199623670688
0.8750325626831652,0.8740338033586978,0.8570774643911072,0.9672262934800142
0.9250294270619474,0.9156565656565657,0.9106580961126416,0.9822060771176238
0.8873424369747899,0.8720395267274047,0.8775540619449352,0.9811626700349784
0.8579497016197783,0.8578122263093361,0.844127029623614,0.9721067462301693
0.8228622631848439,0.8279088351873163,0.8188194952982065,0.9675724582637025
0.8868709415584416,0.8584716293788638,0.8543943408176555,0.9808046610154864
0.862873743308526,0.8455986766571999,0.8076901103609666,0.9687458123245483
0.8623655913978495,0.8615068980000646,0.851964444287794,0.9672547348684926
0.9153975022844958,0.9039179104477612,0.884090909090909,0.9831631170910635
0.9223466887940571,0.9169229845007809,0.9174215299698899,0.9823605174948222
0.8846336996336996,0.8994074316582092,0.9040401196446376,0.9898753042395426
0.9384172499435539,0.8972376502395016,0.8989610822141899,0.9803445790942931
0.9187134502923977,0.8947890395124002,0.8686322557224198,0.9759174009447098
0.9189659977703456,0.9121396396396395,0.8982276822276822,0.9859299211810456
0.8625779857397504,0.8434514831573655,0.8632326279385102,0.9758851912406429
0.921556039877433,0.9068835779105522,0.9061674973277184,0.9823191303063697
0.9264705882352942,0.9036224925309432,0.9040785576637049,0.9863660283209872
0.8771367521367521,0.8388419330233016,0.8814860049524551,0.9783580895809068
0.8881616800920599,0.8775123685837972,0.8990723562152134,0.9829342968267218
0.8382582864290181,0.8573952901318631,0.8630691140991071,0.9782310243039554
0.8675403367857395,0.8782459590052794,0.8819796705246328,0.9860786839312314
0.8869956913435173,0.8707778786045572,0.8479849920866255,0.9706070120906125
0.8951465201465203,0.8780290222597915,0.8825840825840826,0.9820320527867697
0.8714535849952517,0.8716991341991343,0.8642253705890068,0.9719077150098775
0.9303370786516854,0.9248800295311923,0.935181270064991,0.9832520073027963
0.8473684210526315,0.8390977443609022,0.8455228981544771,0.9768499341603947
0.9007936507936508,0.8841288002615233,0.8867235281880591,0.9711589474462103
0.8331293706293706,0.8307493540051679,0.868937436379297,0.9745990700970647
0.9069525193798449,0.8940867579908676,0.8701884599418845,0.9720613374273335
0.9069986631016043,0.872310405643739,0.8796301640746086,0.9819528200156542
0.8464816433566433,0.8270680538054775,0.8313638142270497,0.9690538922453318
0.897537896619904,0.9011214812584676,0.8956318567277471,0.9806408180867744
0.9307691595876594,0.9159433393610608,0.9117913310318374,0.9864522361604978
0.9104166666666667,0.9090674244381297,0.8671833290278137,0.9737916461398992
0.8682180851063829,0.8267045454545455,0.8290633608815426,0.9707276339574855
0.8985332529636327,0.9013410284022075,0.8815483547277867,0.9830201980185209
0.9043741109530583,0.8735735221230274,0.8829672260304898,0.9805235492966287
0.8559735093547823,0.8677146970016152,0.8644451679210474,0.9723121818652944
0.9017857142857143,0.8689119183263345,0.8607301532860574,0.9811645011063781
0.8981851481851483,0.8818342151675485,0.8910373577040244,0.9822668799941527
0.863320707070707,0.852984496124031,0.8867709654686399,0.9790538658177944
0.9169326241134751,0.8830376940133038,0.8946180205603708,0.9799664423897404
0.9397502903600464,0.9096291251463666,0.9106320209768486,0.9854550222145275
0.8622931442080377,0.8626030663266995,0.8921585804065357,0.9795176009614845
0.8936608734402852,0.8686473453803364,0.8762280651882706,0.9793377951282854
0.7988950387847447,0.7955426356589147,0.8083486023020906,0.963179577920155
0.8410188539054518,0.8414838157485216,0.8750186269794112,0.9791982238315717
0.898554207216949,0.8826298701298702,0.8955568673750492,0.9823005563318705
0.8929329840044126,0.8963202713202713,0.8850415577688305,0.9797998064377376
0.916860465116279,0.9042937399678972,0.9101901843474878,0.9907527452520943
0.8645833333333334,0.824813980252358,0.818703110189229,0.968551833979054
0.8720134032634033,0.8703642747421549,0.8459034053504101,0.9702737753635398
0.8679614290495314,0.8624757554103716,0.8793115928579384,0.9808427169062114
0.878691983122363,0.8668695248831584,0.8746037490383294,0.9795037667889875
0.9217086834733894,0.9166450369671229,0.9234208531754544,0.9872743990758697
0.8947398190045248,0.894058423142371,0.9107165815844205,0.986525914300786
0.8846250139089797,0.8779644268774704,0.8766250876922814,0.9750230531019733
0.8816111025363997,0.893133980975511,0.8869519726714625,0.9751778800612221
0.8354818523153943,0.8160936026630009,0.829248495452015,0.9730288479961625
0.9296185781006746,0.8852517538958217,0.8817698309223733,0.9774092457208738
0.8284498009730208,0.8328070515304146,0.8575994740117173,0.9799413496662738
0.9397286821705426,0.9107466843135633,0.9075422936453624,0.9905130787546058
0.9074260752688172,0.8800211416490487,0.8727528989685438,0.9753689084800355
0.9017857142857143,0.8564853719265484,0.8784786237727413,0.976934442209815
0.8807357594936709,0.8671377641965876,0.861337592888395,0.9798035739682744
0.9117965367965368,0.8680149108138239,0.8637774061687105,0.9831795144988049
0.8375,0.8378842315369261,0.8608383233532934,0.9776929371231696
0.9139329805996473,0.8951640464798359,0.8802647113651898,0.9843223443223443
0.8318004459308808,0.844392490425057,0.8571091682348996,0.9794355841859858
0.8839285714285714,0.8615109436518353,0.8515219508064857,0.975325563829868
0.8257487091222031,0.844792586054722,0.8781324275410771,0.9784223550269684
0.8655740810913225,0.8574241547658923,0.8761013502769235,0.9787696054252346
0.8841292134831461,0.8557045551298426,0.8595389398454534,0.9761976904184766
0.9093768905021173,0.9006553158742756,0.8875449539038024,0.9821405433702332
0.8591437632135307,0.8688664596273292,0.8741690193864107,0.9753739882525604
0.8734836497890296,0.875766794204353,0.875311631018838,0.9646393839413601
0.8802596469622331,0.873926456582053,0.8637902316050479,0.9706932069867478
0.886583546462063,0.8842092131526421,0.8554943701114518,0.9836597332169582
0.885802652709213,0.8750347903594593,0.8784891434327919,0.9818931945402498
0.8997584541062802,0.8473719039515977,0.8468066942825877,0.9671190756233331
0.8884781994538093,0.8724839330571232,0.8712186952881175,0.9776443885230758
0.8902852049910874,0.8579549773098161,0.8660781241426403,0.9831514149662545
0.9240475415174211,0.9125163072672857,0.8877911181494944,0.9762099848621622
0.8849462365591398,0.8794352823588206,0.8824345403056048,0.9756394193905027
0.8908508678908299,0.8876617068057473,0.8814563800297809,0.978577772600713
0.8801886402611623,0.8907997581724749,0.8867637379102594,0.9831092304662882
0.9204149509027557,0.8944275582573454,0.8748076509778638,0.9876650817752413
0.879539295392954,0.8673590003377237,0.8472874643087409,0.9728318796918324
0.8576680672268908,0.860266015135689,0.8649578470711606,0.9728624609451583
0.9386591478696742,0.9143467643467644,0.8985370185370185,0.9878520857779711
0.8523809523809525,0.8471681096681096,0.8629253574708121,0.9803043893709246
0.8860197368421053,0.88602877070619,0.892304034239518,0.9780667129374223
0.88891065830721,0.8775083612040134,0.8927738927738929,0.9800819608813339
0.8725775193798448,0.8747366378354402,0.897991894997883,0.9840621371042121
0.8991529304029304,0.8991529304029304,0.896969696969697,0.9773377124433518
0.9395833333333333,0.9247763864042933,0.9342245351547678,0.989513187496503
0.8731886657101865,0.8684561052982105,0.8752269527389145,0.9737163092478789
0.8542684913652656,0.8572134162440708,0.8754751462290816,0.9737294651150956
0.9268125854993159,0.9064547918206455,0.904717836159078,0.98268569633022
0.9119230769230768,0.8781661600810536,0.8801142120291058,0.9779282717746398
0.8275215283865311,0.8074074074074074,0.8287766554433222,0.97335306593821
0.8974515551213158,0.8835412953060012,0.886815390986514,0.983940605270468
0.8465468639887245,0.824711879432624,0.8541510853212981,0.9690606254651777
0.8832478783592644,0.8435741884230672,0.84090345552809,0.9746651043980299
0.8539148351648351,0.8598021215830274,0.8696512246083851,0.9786803387999561
0.8730867346938775,0.846191444245584,0.8521511119285611,0.9742030191422112
0.8626344086021506,0.8517579445571333,0.8488905279980331,0.976004132977689
0.8737060041407868,0.8708098370927319,0.8555688463583201,0.97629505022928
0.9452508276037688,0.9486485926294408,0.9398285805449095,0.990739763238785
0.8758077094474154,0.8502551020408163,0.8766914038342609,0.9853574293945987
0.8909887359198998,0.8595274781715461,0.8716284571446359,0.9796747491602539
0.8310104529616724,0.8246071467429317,0.8177922972831035,0.9744584653937456
0.8514783089251174,0.8250441093245449,0.8813393094028268,0.9812860591298886
0.8915229885057472,0.8668286328469396,0.8720462072656789,0.9825541510366196
0.8895572817986611,0.8839006714979056,0.9045977358855493,0.9797644913025486
0.8215186403508772,0.8106376181957576,0.8301125231357791,0.9702364605151916
0.9460262828535669,0.9163309810839949,0.9114732149486634,0.9849532207432175
0.8961067770917293,0.8887551275191725,0.8856710497159934,0.9830745110776395
0.8679076693968726,0.8620480668756532,0.8770569646306323,0.9840758452635635
0.9086696961596721,0.8899267026366691,0.8935503873099313,0.9831788225794497
0.9509502923976608,0.9268637110016421,0.9014360352291386,0.9831729156423159
0.892484331962796,0.8866892911010558,0.856830750948398,0.9738113106216555
0.8792833011583011,0.8685545385202136,0.8615870374222778,0.9702802936848776
0.7951542433470145,0.8013898044385849,0.8439976561927782,0.9748172116869629
0.8873437055981813,0.8701957527196925,0.8715191784959226,0.9826560735367031
0.9104240491377275,0.8881979830148621,0.8938690728945506,0.9837126830121585
0.913258487035552,0.8518239625167335,0.869469798385461,0.9780502492638901
0.9250216076058773,0.9029411764705882,0.8872014260249553,0.978852306215322
0.8512774806892454,0.8220499446815236,0.8467068408121039,0.9721660924682927
0.8716517857142857,0.8921116833830307,0.8853725654484668,0.9801210439016848
0.8840695166192765,0.8562624333572053,0.8715989689205255,0.9750313617648622
0.8316891891891891,0.7749926162206864,0.8368354822368647,0.9703148521939282
0.9010416666666667,0.8880773249738767,0.8810208669769798,0.9738278948245391
0.89940616991918,0.8677773019045503,0.8812327455898409,0.977599273472821
0.8920479664014147,0.8506773958901619,0.8595474659304447,0.976455408045843
0.9359300476947535,0.927768817204301,0.915269468882372,0.9883905780780781
0.8547371547371547,0.849986151502562,0.8470513191742939,0.9755453167796919
0.8541711229946524,0.8504362609867196,0.8618744058277003,0.9706216081715661
0.9169408538973757,0.897270346134592,0.8925062142558389,0.979968928213875
0.8882334581772784,0.8572840203274987,0.8480810362233286,0.9759226042054899
0.8669992288413341,0.8740472356414386,0.8928160835407212,0.9877478232496766
0.8619131455399061,0.8661708980674498,0.8497164904061456,0.9705932331560252
0.8927131782945736,0.872884012539185,0.8548304360216586,0.9748890865703674
0.8738770555126365,0.8703213074717343,0.877726402149913,0.9806310275769079
0.8829941860465116,0.8874821445087299,0.8853439387244071,0.9826393656606247
0.8961110643845409,0.884406876648256,0.8574488880444995,0.9711868243195474
0.8660839160839162,0.8634240479878064,0.8436929215452706,0.9670459927528265
0.817612293144208,0.8283090783090783,0.8516180516180517,0.9710255422886943
0.8367127496159754,0.7682290357711318,0.8204218612361361,0.9675696916147349
0.826860012297602,0.8414339174881343,0.885378981490701,0.9781990771191206
0.9591165413533835,0.9546990171990172,0.9399523490432581,0.9893895565755401
0.8795343137254902,0.8465442104055965,0.8407134921986407,0.9742976323639074
0.92677732079906,0.8906886199455859,0.875891365100484,0.9821770544927
0.910319850831899,0.8927799022926464,0.9010101971169067,0.9843867045489758
0.8738629791261371,0.8426984126984127,0.8652198172198172,0.9801415241361742
0.8843487394957983,0.8642730075901329,0.899608274394802,0.9876130875684126
0.9048631965298632,0.8831116464180981,0.8866209645681785,0.9811797297226366
0.9305172413793104,0.910139318885449,0.8960596678862933,0.9832416725900498
0.8862909788421297,0.8716209375316392,0.8727432265348637,0.9766905410404518
0.9371408045977012,0.8998682476943347,0.9114129436659082,0.9855469901267314
0.9267734553775744,0.9098784548784548,0.8857327722782268,0.9740594759264628
0.8586378737541528,0.8728174603174603,0.8571332371332371,0.9749183529103876
0.9376617215801277,0.9175620581949696,0.9181605567428353,0.9928793747205679
0.8782528603407537,0.8675456650373038,0.8627798956895947,0.980792839151818
0.885670731707317,0.8874249169669988,0.8980938492407646,0.9830604387170445
0.8724244505494505,0.8378501400560224,0.8581877599524658,0.9728815728097285
0.9148193760262726,0.8599547511312217,0.8802797202797202,0.9782600000924223
0.9067599067599068,0.8947191011235954,0.8833603450232663,0.9822879287421865
0.9494047619047619,0.9165651620093942,0.923421991590131,0.9878049742390828
0.910272907239819,0.8888261420108554,0.883741041818633,0.98330322057973
0.8820412855500575,0.8729334210290293,0.8926898208670458,0.982629822297479
0.8339635854341737,0.840813195243575,0.8381862351942904,0.973961722418488
0.9271978021978022,0.9092346616065781,0.8767523431660054,0.9824900995535917
0.8606941838649156,0.8740764839946844,0.8622460585278952,0.9779106348191152
0.8706140350877194,0.8474197371256195,0.8587281999046705,0.9798937630861158
0.8869229094076655,0.8824372759856631,0.8698164440099924,0.9744562081883831
0.9162732756359822,0.8922855262312976,0.8746380195715584,0.9771572420882197
0.8521377849385368,0.8547854785478548,0.8432603260326034,0.9761233826079809
0.863249694002448,0.8640304675472004,0.8591799200988083,0.9778577494485794
0.914971368294153,0.8988111888111888,0.8977698664971392,0.9783939092855963
0.8940565774804905,0.8927446822183664,0.8856001698106962,0.9844613164560733
0.9187466451959205,0.8986549165120594,0.8737223815145893,0.9808631437117212
0.9018235243280616,0.9104203935599284,0.9044950398438769,0.9895976809962834
0.9031154568945267,0.8885964912280702,0.8924827219564062,0.9831755689162198
0.7980681818181817,0.7903270509977827,0.8223946784922395,0.9709996791745803
0.8873343416882743,0.8785493827160493,0.8620014964459409,0.9759862680966025
0.8660086418707108,0.8599832494671833,0.8689908598379874,0.9801984550711039
0.859172077922078,0.8597360833887779,0.8773808611732763,0.9757369902824449
0.8427482715273413,0.8213782027296956,0.855044658501966,0.9674363435093802
0.822638146167558,0.8230532255604697,0.8490954381392082,0.9711222114190029
0.9199764828847662,0.8734119141727837,0.8756369453997913,0.9741900424106297
0.8786303630363036,0.8701190941038657,0.8761610639783229,0.9793273772381719
0.8882850241545894,0.8685024377687601,0.8763650679161551,0.9762410147614865
0.8790187805079838,0.8625225225225226,0.8693224133224133,0.9811779213714745
0.8221899224806202,0.8363891010949834,0.856193717156284,0.9692499886161249
0.8613307424283034,0.8581275526970564,0.8618870930799948,0.9768170749906073
0.8808716209271251,0.8743794815223387,0.8615721472864329,0.972030872785456
0.8697061365600691,0.8618827160493827,0.8545267489711934,0.9688379708153511
0.8320578231292517,0.8166507405637841,0.8574034660991182,0.9729634122539028
0.9322039842873175,0.9181056892453953,0.9222357262464216,0.985363959387292
0.8985176845857961,0.8911528180245748,0.8810977896765348,0.981776588912501
0.919273594909862,0.903635339486113,0.8737448579122828,0.9787333905841148
0.8926980649872216,0.8884310134310134,0.8821363821363821,0.967749099362482
0.8733295689817429,0.8831403989540155,0.8762581257906308,0.9876165356593035
0.931077902310779,0.9284720655688399,0.927648695390631,0.9904767019412506
0.8320436507936508,0.8372940808907067,0.8541130459330868,0.9816565946794056
0.8201219512195121,0.8140685815524712,0.8270121350094913,0.9693193917783294
0.909698025551684,0.8990582522299206,0.867796677792411,0.9791430530484306
0.9306742640075973,0.9259030564989195,0.9041679530719359,0.9857424655404453
0.8565319280548155,0.8368085618085619,0.8582503243109303,0.9819455877848601
0.7893665158371042,0.7803586796164248,0.7908753753418125,0.9640413939796292
0.8947321428571429,0.8910461565308437,0.8863460536787472,0.980076519069166
0.9021464646464646,0.9020841022612632,0.8923036521560181,0.98578440871089
0.8754166666666667,0.8890054390054389,0.8746900237809327,0.981604494072236
0.8892877139657653,0.8840746466933225,0.8637097597318726,0.9762595719963103
0.895223586444364,0.891137771111246,0.8963932046160163,0.9824488922102982
0.9236147592245153,0.9271934820439804,0.9161995656613597,0.9927058389221523
0.9053838691796009,0.8860525378802864,0.8806949904152895,0.9771347178786303
0.8495324918186069,0.8394150839526562,0.8552207124923888,0.9785895234516704
0.8959230033476806,0.8900238893025564,0.8767099513376503,0.977859636642488
0.9228291316526611,0.9057954465603261,0.885260517478914,0.9813973470629818
0.9220664393078186,0.9131221719457014,0.9227807486631018,0.9888094805212158
0.8091630591630591,0.8044631838749486,0.8249444672974084,0.9710674024986167
0.899891774891775,0.8804048543104723,0.8577341873379272,0.9803712652549861
0.9363370547581074,0.897239475500345,0.8709730848861283,0.981858653718937
0.9140015651493413,0.8977932636469221,0.9096681096681097,0.9900002859796245
0.8242715046231438,0.7959771296943771,0.8318678538085392,0.9650077230652041
0.8535420619860847,0.8357196361690744,0.8590481378795984,0.9739222620291105
0.8915178571428573,0.9015932614180424,0.9349169627016938,0.9884836600345343
0.8498424971363117,0.8324935400516795,0.8258664160989742,0.965554950694415
0.8618243243243243,0.8545290281631024,0.8514398600515654,0.9767966251498166
0.8634034955498134,0.8526742075129172,0.8512252817238155,0.9776870603485989
0.8728488692774408,0.8543456543456545,0.8614536978173342,0.9752295942433891
0.8049860205032618,0.80867460908414,0.8390821092533677,0.9745490423696244
0.9329405162738497,0.9251667797376752,0.9214373723668161,0.991302808254837
0.9141622340425531,0.8880718002485244,0.8793169344893483,0.9789695821918782
0.8355693114874816,0.8308681535855449,0.8608025939804596,0.9789123967686164
0.8929069119286511,0.8709683696024408,0.8594679398826219,0.9645624710050043
0.8302373693379791,0.8230576441102757,0.8430940988835727,0.9729844580374314
0.8672619047619048,0.8634259259259259,0.8758698092031426,0.9778477244209798
0.8325940860215053,0.839934456928839,0.8520542503688572,0.9791665885488465
0.8581144465290806,0.8591991341991343,0.8592968647514102,0.9781209005954586
0.8904980888676541,0.8832142857142857,0.8833506493506492,0.97239939471049
0.8608363858363859,0.8570482497634815,0.8805137467389125,0.9749274967207144
0.8428543439319302,0.829252229561284,0.8519018346616075,0.974378328719791
0.8624779541446208,0.8481684981684982,0.8693040293040294,0.9758386072080699
0.8791510025062657,0.8819924707194645,0.8930270918893339,0.981899625861542
0.8359066027605353,0.8131567813568431,0.8322833840792059,0.9653973305171494
0.9449204119850187,0.944658553076403,0.9344930030528407,0.9871046520796374
0.8500870920425376,0.8345592231602594,0.894560518771541,0.9795127676086379
0.9212454212454212,0.9065359477124183,0.8708496732026144,0.9772918522918523
0.8749609130706691,0.8726259555750194,0.8935679074724499,0.9824851853533294
0.901515595684803,0.8847571347571348,0.9007668825850644,0.9875251833449273
0.9151371074745688,0.9091824774741777,0.9052430391379918,0.9787515685300716
0.9431089743589743,0.9242392223161454,0.9103827796135489,0.9844138395274759
0.8908594423684967,0.9027777777777778,0.8925925925925926,0.9819536895762304
0.8193609022556391,0.812827467890759,0.8476471489129717,0.9700048069741343
0.8746919101570264,0.8853747695381198,0.8977718999365149,0.9858326983627558
0.8747619047619047,0.8707380860131732,0.8560576708581357,0.9789327780067355
0.9057521935428913,0.9061685452624163,0.8877446177164388,0.984160020336242
0.9253246753246753,0.9144957983193278,0.9175044563279858,0.9865894541269435
0.918859649122807,0.8892720892423096,0.8733913511757467,0.9782761238216272
0.9083908016834846,0.9058062880324543,0.9008943389267932,0.9854867192727339
0.8585006947075913,0.8484659921807384,0.8627480644026441,0.9754756447927955
0.8875000000000001,0.881220938068603,0.881854531568124,0.9788539701568076
0.8802083333333333,0.8741792078644222,0.8655976959736472,0.9718088137707703
0.8991126543209877,0.8969779125530413,0.8955368863598947,0.988636130593495
0.9096590909090909,0.8954858767955268,0.8827018863074007,0.9854478158205431
0.9261363636363636,0.9002773516425953,0.9009494783198293,0.9891811355694209
0.910843685300207,0.8991585399832822,0.8919625454883188,0.9820520824211826
0.8206171000878297,0.8460834013790601,0.8687184171601701,0.9677098062117107
0.935340022296544,0.915211758209082,0.8985550676897689,0.9786252518905882
0.8924655388471178,0.8845520421607378,0.8887072304068351,0.9822338025129301
0.8472413003663003,0.8414965986394558,0.8509338280766852,0.9734574264004499
0.936989247311828,0.90924080579253,0.8805469564090254,0.9759141732896993
0.8131631631631632,0.8073529411764706,0.8524007880664228,0.96748900322013
0.9118421052631579,0.8647893693254949,0.8653353446103994,0.9732189408900153
0.8839608384256522,0.8654802259887006,0.8850361239513783,0.9824814646400788
0.9264528756398674,0.9124934978956825,0.89731160376642,0.9858712258397545
0.8740552325581394,0.8624888979982237,0.8743292734684414,0.9794294582369363
0.8299454169019387,0.8244522144522145,0.8876609451154907,0.9812414877326076
0.9442724458204335,0.9166992807277343,0.9162183715727189,0.9907525050490087
0.9062864709578957,0.9017857142857143,0.9208225108225108,0.9888857762172178
0.9077990430622009,0.8760683760683761,0.8868168868168868,0.9815897378182038
0.8698684537105982,0.8816681735985533,0.8435064935064936,0.9755531407900635
0.8613636363636364,0.8407040114357187,0.8462491438101195,0.9724492478196292
0.8869111508646392,0.8809946372315609,0.8744718667812239,0.9756789470083553
0.8370298400786206,0.8461186679174484,0.8608741258741259,0.9756233524336951
0.9167656667656667,0.886641749723145,0.8647568710359408,0.9750109777013751
0.8887980932924754,0.8767003124248979,0.8994676396262553,0.9887909576698464
0.8694293887383318,0.8561724792061871,0.8638603752393333,0.9802109513658112
0.8400451559934319,0.8421325051759835,0.8335654683480772,0.9646918441300528
0.8894871794871795,0.8858202608202609,0.8798970617152435,0.9791800700311891
0.8658459595959597,0.8702205882352941,0.887379679144385,0.9801983580392671
0.9186507936507936,0.8909055861943131,0.8848007208475952,0.9815224524288253
0.8819213732004431,0.8628878878878878,0.8722455789122457,0.977144379350738
0.89209243390675,0.8722329721362229,0.8733094098883573,0.9799169801032933
0.8227123054250713,0.811505865260439,0.8151946933823818,0.9641725162837385
0.8717694840493274,0.8638608863429007,0.8252628892916664,0.9622397307465611
0.9064505347593583,0.8950808239753952,0.8945467839109209,0.9860158419409756
0.9110236033120777,0.9051639174188194,0.8986642019321757,0.9826075172879993
0.9073994252873563,0.879283851474001,0.857395036739491,0.9813709620403978
0.9243295019157088,0.9191425308834216,0.9224786010211112,0.9845362019844779
0.8760416666666666,0.8631341425459073,0.8689226532363787,0.9791183676574544
0.9187182250221043,0.9044794446378156,0.9169975658663442,0.9820614374408613
0.8562582927908005,0.8415702862854287,0.8520081950366809,0.9712820460558806
0.932806324110672,0.9246323529411764,0.8924688057040998,0.983011154827244
0.8589184397163121,0.8569758284497474,0.8565964006252271,0.9718713854272302
0.9423763736263737,0.9251969416126044,0.9235669952537423,0.9831861678990865
0.9115217207572683,0.9039664728053821,0.8991533229678645,0.9838718081233718
0.8893346170303809,0.8845492742551566,0.8767368104266501,0.9828295232803375
0.8951702211267103,0.8831217683342478,0.8777440220953613,0.981965286169822
0.8371627248500999,0.8198564511729405,0.8127775297988065,0.9687360251496347
0.8877153891859775,0.8655410447136925,0.8390346006162266,0.9695726424178487
0.9221471471471472,0.9071524128045867,0.8923661845400975,0.983012622532509
0.915652557319224,0.9017814082469255,0.8709275050967842,0.9848699115298032
0.9231464737793852,0.8865329052969502,0.8861322048737779,0.9854114884809112
0.842170834061899,0.8600779442211667,0.8750170318456764,0.9769849478384638
0.8808313397129187,0.889052965107182,0.8945605325671043,0.9846217433999523
0.9032229344729344,0.891619969434539,0.8762253199339293,0.9730387934461034
0.8529977051061388,0.8476192825080509,0.8636146470803403,0.9666292926379377
0.9080661894387384,0.8928571428571429,0.8993309720582449,0.9788857463367268
0.902281746031746,0.8940406422717744,0.8811060865949375,0.9777783400210692
0.8655538302277433,0.8367007244252753,0.8303258708266874,0.9745379212162534
0.896875,0.8991162170796477,0.8922063919348426,0.9852737582838014
0.9278263403263403,0.9032490856844305,0.9049545612868497,0.9883158780518427
0.9191767068273092,0.9131944444444444,0.8805555555555555,0.9764192048694275
0.8751709401709402,0.8572821590386762,0.8540073265321148,0.9713007876403679
0.917381062712388,0.9073385830634874,0.8990249863961963,0.986937430334044
0.8594402673350041,0.840692533219842,0.8336538888673944,0.962957248099648
0.9132446500867554,0.8854895446550713,0.8821459069885882,0.9827955531436675
0.8960069444444444,0.8893692564745196,0.9047011468064099,0.9864407801326338
0.9073946886446886,0.9071969696969697,0.8942791551882461,0.9845200090702515
0.905239099859353,0.9168313011267171,0.9101698260580804,0.9792072485782982
0.8695807562142608,0.8660005142563283,0.874071957792888,0.9786331534544033
0.8521564110480442,0.8433065172195606,0.8522949827297652,0.9738617805353394
0.885752533945305,0.8827253016591251,0.8932214680744093,0.9850270777177708
0.884861993160723,0.8982382426654871,0.8930972708062491,0.9838711658324971
0.792473545282534,0.78536554797382,0.8126646664387926,0.9696812565007236
0.8789916570771001,0.8633292383292384,0.8824733824733824,0.9836551522829997
0.8933101173020528,0.8994016957286834,0.9063398535022275,0.9760246577632208
0.8639860139860139,0.8628471079818385,0.8817827880702133,0.9809739468665306
0.8593288027889325,0.8529746845598815,0.877992736453057,0.9753306740027974
0.9154640116916332,0.9082726760287234,0.9160382592189077,0.9869254364519398
0.8764717962760131,0.8879821417724594,0.897582788953742,0.9844509971733111
0.912467700258398,0.8781432389679813,0.9006071184765343,0.985655461455432
0.8755199049316696,0.8762291434927697,0.8888283951865709,0.9821491919727213
0.8751372814057616,0.8495956399437412,0.8634658824532242,0.9732996881177212
0.8387492143306097,0.8410540608816471,0.8322558667386254,0.9642845753505304
0.8952991452991453,0.8804976220602994,0.8822685161312501,0.9859876757061581
0.8790530457197123,0.8688508782737727,0.8745655220464111,0.9722319742095313
0.8634780467210807,0.855540155750045,0.8517270804573863,0.9807300845902748
0.9020833333333332,0.8873830460019059,0.8857904173853234,0.9815113500597372
0.8613436400201107,0.8491066295944345,0.8754777564829301,0.9795264481473891
0.8988124618913504,0.8786612323846367,0.8855091394743233,0.9830701746948841
0.8860119047619048,0.8855969634230504,0.8899698433611478,0.9793768905021174
0.8285620629370629,0.8266339869281045,0.8759437512378688,0.9784227061813784
0.8836415991588406,0.8679532946601219,0.875635426103967,0.9778824279767168
0.8307109557109558,0.8481986215538847,0.8633576365155312,0.9759354951025948
0.9613372093023256,0.9431469021586767,0.9346583411915624,0.9916546779710151
0.8800810708898945,0.8799230697063515,0.8804396341688769,0.9790866649611071
0.9154745989304812,0.8952271305929842,0.8821642314325242,0.9836241955497955
0.8618833612040134,0.8490707269872567,0.8449228842262033,0.9714067211197004
0.9353853383458647,0.9328246124031008,0.9295818651632606,0.9896577387160762
0.8634068278805122,0.8573342493988321,0.868796518951105,0.9721233085414602
0.8364164904862579,0.8339644843816858,0.8629639138496649,0.969039846917375
0.8750863902179692,0.8563689217758985,0.8615638413735665,0.9784387896246692
0.9331148121899362,0.9143009965250855,0.9108066100829089,0.9823981689877045
0.8635209385209385,0.85314223693107,0.8766828313022398,0.9863910691531659
0.8661890645586299,0.8470421353030049,0.87188328475285,0.9785147513672339
0.8889610389610391,0.8507581453634085,0.8820171641224274,0.9782611634167802
0.8829920977011494,0.876700186003255,0.9011533610929102,0.9837906822732425
0.8227415026833632,0.8258445448721279,0.846506097807329,0.9760076837266509
0.9181818181818181,0.9085279791885759,0.8993577776995058,0.9857706912593729
0.8940191387559808,0.8877537295182196,0.8732535924172022,0.9785298689555932
0.8708791208791209,0.8750320924261874,0.8624545843544561,0.9753425236379782
0.920159184181072,0.9067357040795496,0.9225504100580646,0.9854426453466958
0.8314502038439138,0.810741341991342,0.8417322576413484,0.9693053067342853
0.9335561497326204,0.9180060694616163,0.8981097929957097,0.9854943200529769
0.8843099671412925,0.8947916666666665,0.8811868686868686,0.9767910007872074
0.836864633493847,0.8451010600158905,0.8806413063839956,0.9777206708616386
0.857389798024473,0.8557566422795533,0.8465931552724005,0.9754052952474476
0.8906926406926408,0.870021533161068,0.8898522172630698,0.981478651634154
0.8899518084911344,0.8831372549019607,0.8891122994652405,0.9834586563509068
0.8792280924942004,0.869493201208674,0.8626756994042809,0.9780336646862751
0.858098075704783,0.8516344245438677,0.8400957372573146,0.9804153554554461
0.9393382352941176,0.918885331535934,0.9096035764162818,0.9869483660130719
0.8930710121886594,0.8874487004103967,0.8835012228993077,0.9805665437158346
0.871867263171611,0.8573785394857458,0.8689916930675399,0.9778555995944243
0.9207163894663896,0.9148351648351648,0.9222777222777223,0.9893891324812377
0.9062388591800357,0.8786439665471923,0.8606400926831034,0.9812505402976484
0.9104797091250293,0.8942262739597943,0.907600549676286,0.9848276267961293
0.919469405220368,0.9107483213373817,0.9097379167505394,0.989301727707734
0.8640968960117896,0.8686973859105007,0.8876851814556733,0.9816549363144136
0.8495852187028659,0.8536918739403484,0.844620255295829,0.9704201231774761
0.8671936163806082,0.8651402793227042,0.8634093249888579,0.9750577241785389
0.9131712881712882,0.8981271349024379,0.8878500034739798,0.9754155318797759
0.915779531653895,0.9031184340486665,0.8889756830221945,0.9759693618878198
0.8976190476190476,0.8732142857142857,0.8761038961038963,0.983785889484565
0.902887537993921,0.8905534748231377,0.9065990743893365,0.9892375862353754
0.8662514673275075,0.8680072823568354,0.876659344186653,0.9744741812786523
0.9039604909858074,0.8980729749906682,0.9040635922494825,0.9809901917856114
0.8900015984654731,0.8826713357059572,0.8779666285393353,0.9845344791116429
0.9006126547004344,0.9130044563810721,0.898082881566656,0.9843028746125887
0.9035107169253511,0.8835805370258069,0.8691892137465212,0.9789581022593241
0.9289143537987103,0.9215367965367964,0.916745375836285,0.9864273751707263
0.8826865905179159,0.8798638468449789,0.8877420273646688,0.9789095323504802
0.8869062819203269,0.8462698955180158,0.8587267460268143,0.9801511570721101
0.8706203938625106,0.8628959065831976,0.8724645044043038,0.9762377484542919
0.9137277521423862,0.8779786386099155,0.8755915346675748,0.9752381957296404
0.9128937936238446,0.9085234093637455,0.9056757248353886,0.9890789139986806
0.8842105263157894,0.8717559527695448,0.8693900052371896,0.9785167414034792
0.8793103448275862,0.8722389695807071,0.8823415298504363,0.9743121619255921
0.9071640316205534,0.9015151515151515,0.8865625956535048,0.9811539071251928
0.8966221695465036,0.8935835286291571,0.8942622127517892,0.9778412251203028
0.8669347788074838,0.8539605474424651,0.832910402287266,0.9678378024810669
0.9384881422924901,0.9287739192062368,0.8929708137362283,0.9833887920960694
0.9142754438609653,0.8856042835288118,0.8964015267411495,0.983646413206109
0.8648154477101845,0.8598280568594161,0.8791750522300806,0.9788049389922389
0.9386904761904762,0.9101656626506024,0.9153979554581964,0.9861180776014109
0.8831845238095238,0.8681547619047619,0.9052525252525253,0.985094573569071
0.9190724405239241,0.8764751060052796,0.8758156894781834,0.9842030216810113
0.894130379424497,0.8562925170068028,0.836940836940837,0.9734581519002341
0.8182402307894048,0.8131898139328126,0.8633559831502298,0.9779685724276598
0.8925213675213675,0.8855350248207392,0.8986344414915842,0.9822368079125587
0.8859440928270043,0.8870864720523514,0.8626571482374472,0.9695873083519395
0.8681818181818182,0.8580611723378373,0.8767449616923052,0.9831537671083126
0.8601757677495804,0.8720862470862472,0.8823620823620824,0.980459561620264
0.9041666666666666,0.8994324473975637,0.8861773885029699,0.9781574363446021
0.8851158645276292,0.8288426763110307,0.8362145871006631,0.9725500141899428
0.8446581196581198,0.8736263736263737,0.9020979020979022,0.9820533945179312
0.8462797619047618,0.8611163863266413,0.8640457751689439,0.9779919410853772
0.9059700339820822,0.9088514357053683,0.886615064502705,0.9817597917803619
0.9005523153057617,0.8875268019132443,0.8591786244433449,0.9708544391747592
0.8618055555555555,0.8593655796108524,0.8977436740659541,0.9821410394265233
0.8708299817958596,0.8691011975259904,0.8685246463848912,0.9812048215120989
0.8838196286472149,0.8474192759295499,0.8523631619522031,0.9775978125477798
0.9069389912413168,0.916702734605548,0.9041730307203452,0.980240028159376
0.9181547619047619,0.9119949494949495,0.9046097337006427,0.9871273807626031
0.8711912868866771,0.8597873711340206,0.8319295532646048,0.9714580432064084
0.9038386333230422,0.899872448979592,0.8829468150896721,0.9731043260326249
0.8922832893869479,0.8909234661606578,0.8772154179364806,0.9751416020437348
0.8911206148048254,0.889282575258185,0.8992156236058675,0.9851353874087292
0.8806233062330624,0.8855263157894737,0.8861881977671451,0.9775710087486935
0.8750610550309346,0.867982944011865,0.8764625116571724,0.9783126248093492
0.9114467849223946,0.8726326864624737,0.8620103300954365,0.9769105690005577
0.9084683641975309,0.9066605887638073,0.9105834306278258,0.9829429172578713
0.8980263157894737,0.8785181647305333,0.876574626802957,0.9772345174040065
0.8273979107312441,0.8330164992826399,0.8264027650971696,0.9695589536859379
0.8660767527046596,0.8675801649535233,0.8742080285544951,0.9739566185405131
0.9057072829131653,0.9120802660273015,0.9276520673670038,0.9905305525659515
0.8613953866146848,0.8686332210786937,0.8656681058531686,0.9779763335806614
0.9098992662604153,0.8837222773915923,0.880695134061569,0.9843937265792407
0.8921736158578264,0.871279761904762,0.8507395382395383,0.9729817579892553
0.9106578115117014,0.8939767872318134,0.8995889912736049,0.9818051464687945
0.891010887846331,0.8724417426545086,0.8624948573884744,0.9737630283667413
0.9227729885057472,0.8982856000399859,0.8760897322300831,0.985539684644857
0.864463901049267,0.8415009041591319,0.841768864047345,0.9730868587994315
0.9068866571018652,0.8786580086580086,0.8672722025449298,0.9728141897010835
0.8508241758241758,0.833718425823689,0.802152717623212,0.9629865322856771
0.8567783094098884,0.8583333333333333,0.84989898989899,0.9767903746970733
0.9005417956656345,0.8863630632039261,0.8788090627707702,0.9807265717904219
0.9595238095238096,0.9255101388089298,0.9032439148731607,0.9880278286528287
0.8544268424298489,0.8496854944961538,0.8359430077905151,0.9765125814694242
0.910007331378299,0.8901167471819647,0.915899575464793,0.9876074441151205
0.8563439270756344,0.8572836778023311,0.8690904889267036,0.97995495888842
0.8302563400454966,0.840943370355135,0.8512762341639347,0.9800964485574674
0.8782256686319747,0.857465850779349,0.8569883858703151,0.9778193693379632
0.8810096153846154,0.8897045932678822,0.9077234476603341,0.9873625161087128
0.9207251082251082,0.9094030800871631,0.8990589982779587,0.9875085336405859
0.881733157728023,0.8783477354905926,0.8689026689026689,0.9811281316133815
0.9282575757575757,0.9155085009206341,0.8917297125346099,0.9835960013356708
0.9240505108926161,0.9183908045977012,0.900090560780216,0.984434178124605
0.906827880512091,0.8988897851269296,0.887337229252938,0.9807958638031811
0.889795918367347,0.8883482691334827,0.8733566787335667,0.9822116918308803
0.871331859629732,0.8570709927933604,0.8884318755049254,0.9832493230745607
0.854320987654321,0.8580614137132723,0.8578286987542812,0.9743550920798982
0.8958400192554556,0.8936013340656839,0.9050409982880331,0.9877894958504567
0.8725026427061311,0.8711274833462989,0.8643804042688783,0.9708784053751451
0.8492965367965368,0.8425477140502476,0.8720989731344435,0.9778887590672619
0.9301146384479718,0.9133091787439613,0.8927430830039526,0.9789028227972911
0.8339646464646465,0.8108433734939758,0.8234355604235122,0.9625554027641765
0.8680019305019304,0.8552591922845088,0.8639852412004311,0.9806807258532446
0.8555194805194805,0.8593781177253077,0.8941008354244137,0.9799276257056616
0.9340139512553306,0.924891774891775,0.9289177489177489,0.9902331168127603
0.9161455345190285,0.9157969538337637,0.9047279388383682,0.9846248631236667
0.869603458556947,0.8796021190970258,0.8863822149051352,0.9799051506437364
0.8871148459383754,0.8936789706020475,0.9158977774362389,0.9907867716623073
0.8583444741532977,0.8259831460674156,0.8365304732720464,0.9673000341539251
0.9284673659673659,0.9209909814697387,0.9404166373094718,0.9901142195594068
0.908779761904762,0.8971450535867714,0.8922251562519271,0.984634198520291
0.955026455026455,0.9386538014415252,0.927276109150092,0.9857341756415675
0.918908472479901,0.9141999141999142,0.9064441064441063,0.9859757860218221
0.9219725343320849,0.9094252873563218,0.9162549634273771,0.9868954325518953
0.9435637285986049,0.9354420731707317,0.9166648189209164,0.985156469945407
0.7992879746835444,0.8044754744002864,0.8117610042422072,0.9685278167866239
0.8815039127539127,0.8689064945226916,0.857800540617442,0.9776401809272462
0.8421233955429561,0.84490664069645,0.8510178733993883,0.9764159514060488
0.8894770879526976,0.8914319221623225,0.8803999593770188,0.9801411914881802
0.9145332130049636,0.8920068027210885,0.9117913832199547,0.9883599529107572
0.8833427601809954,0.8592117722908922,0.8565546058670661,0.9734999940462015
0.8761005560704356,0.8592943201376937,0.8497053147655557,0.9698571619349919
0.8712606837606838,0.8762850729517396,0.865253749617386,0.9738970886371707
0.8754396678065461,0.8777485380116958,0.869164628743576,0.976173431514396
0.8618566927296067,0.8708588957055214,0.86934374419037,0.9794596696951471
0.8774475524475526,0.8762049062049062,0.8636575276575276,0.9767418975954208
0.9258998435054774,0.9113038124950946,0.8973513389130297,0.985477147360126
0.8356037151702786,0.8323561497420677,0.824640591841673,0.9696565911033044
0.8605886450714038,0.8263621794871795,0.8679079254079253,0.9721270761631263
0.9099516031457955,0.9072599880739416,0.9158869554218391,0.9860226931706132
0.8820870526640977,0.8728994024880007,0.8780369549150037,0.9798431286460265
0.9029411764705882,0.8964308181399476,0.8900467962746802,0.9812883270545047
0.8911672908863921,0.8661093627065304,0.8766340032901796,0.9820387365140779
0.8771142883842631,0.8524709202285086,0.8570957562409142,0.9728630043851564
0.8349424119241192,0.835642227905655,0.863019797290897,0.9764209529209008
0.8786919831223629,0.8514610389610389,0.8555686737504918,0.9746540297513757
0.9086893570589223,0.8936781609195403,0.8999552171965965,0.984061872403306
0.847819850831899,0.845193374882609,0.887550481335165,0.9829035852155158
0.8544934640522875,0.8567789330922242,0.8463880212614389,0.9653417179149053
0.9253754693366708,0.8751105216622458,0.8767087318811456,0.982795673058791
0.8645555657689127,0.874689143950263,0.845994811819776,0.9737756846434344
0.8494047619047619,0.8340382205513784,0.8307283359914939,0.9680272693117798
0.8913502109704641,0.890583514150393,0.8851916660833858,0.9819775455467241
0.8969004465458366,0.8559843720221079,0.8549956973970697,0.9798236231103393
0.8442903995229577,0.8292536115569823,0.8202782236490102,0.967457462410078
0.8713172523327377,0.8906908587987356,0.8913170163170162,0.9847915450873619
0.8892178046672428,0.8880372595294286,0.879191399079835,0.9838084631984978
0.910782967032967,0.8523231703209095,0.8747004890849068,0.9775667182970981
0.8476535541752933,0.8293922220050811,0.8613936906686565,0.9756225889206931
0.8834442582267058,0.8956596594894467,0.879658394474642,0.97801010289428
0.879936974789916,0.8943554122611541,0.8865026156496452,0.9818687586597102
0.909077380952381,0.8994620575502927,0.899573272835305,0.9846773324714502
0.9315384615384615,0.9224967824967826,0.8969263289263288,0.9866139356430871
0.9207283680175247,0.8784097108565194,0.8743440956206915,0.9787342628186532
0.8282863849765258,0.8191720610565013,0.8281840219505048,0.9695136332612524
0.8753403289846852,0.888618326118326,0.8809480082207355,0.9815956881702673
0.8799728049728051,0.8636070302741925,0.8755905693465915,0.9745387508114781
0.9052574876104289,0.8919350374880491,0.8798501697902895,0.9862383838957705
0.8092408772924938,0.8194759385235575,0.8394252425998457,0.9719077486259493
0.8351282863477985,0.8315629350796679,0.8503893157324807,0.9736563821100176
0.8086510263929619,0.8182483252315654,0.8645078075245674,0.9735813395087589
0.9270557029177718,0.8999083414331974,0.8920553266126208,0.9800687293314335
0.8843793047565027,0.8707405305717123,0.864940567542355,0.9774255458794792
0.8007580939352485,0.7969767115600448,0.8422368465802809,0.9776595415284476
0.9295733956233095,0.9229937903033198,0.9165121479905334,0.9769021601888224
0.899921829196795,0.8982762621647885,0.886941643735796,0.9788897443667917
0.9085410557184751,0.8822214040255278,0.8754604067181386,0.9778472574060417
0.8854995434981088,0.8794503826350961,0.8764367251917917,0.9738742275647428
0.8505494505494505,0.8390314860994192,0.8501130044388355,0.9702431665345572
0.908664596273292,0.9143449103823229,0.8916116597776839,0.9805096118749512
0.9232638888888889,0.8955882352941176,0.8998217468805704,0.9842104565415527
0.9039184499710815,0.9028579302742179,0.9051015153602999,0.9844969314379799
0.8957199894699894,0.8714346530438484,0.8705548460337732,0.9798444778443179
0.9205148587501529,0.9214473082202226,0.9108242960333854,0.9868058806231215
0.8890862761986793,0.8657051282051282,0.8582051282051282,0.9750610753896171
0.8809108527131783,0.8796683489545781,0.8853713778010822,0.9857876557747032
0.8921162912519643,0.894283859112874,0.8875258767164029,0.9743548571191414
0.8773529901715809,0.879846256684492,0.8959690487765355,0.985882271291264
0.8545233636525772,0.8625797656340644,0.866179230523122,0.9842963507362917
0.7969441607082056,0.7912860745306809,0.8358854445265205,0.9706569917051848
0.9176740812379109,0.8838379657007687,0.8626406465602209,0.9750035492781487
0.8887764375413086,0.8655948362104802,0.8619229493035503,0.9816293708354727
0.8491547781903459,0.8550974187143211,0.8638905811653391,0.9718039344436272
0.9116300366300367,0.905,0.9161212121212121,0.9845494134194476
0.9023878737541527,0.8888789120136678,0.8939335107697304,0.9840180078781133
0.897340930674264,0.8966811521445828,0.8930441181923722,0.9872015782571337
0.8957847106453918,0.891160797034291,0.8805038335158818,0.9842942908697797
0.8689296076264161,0.8438466295609153,0.8436835891381346,0.9733968598260571
0.9043196333674615,0.8605319738877484,0.8824519431327685,0.9796119593509494
0.8986111111111111,0.8688836898395722,0.875718684167882,0.9812497152065794
0.8954774844720497,0.8694747295469912,0.8842901632962485,0.9862878546678868
0.9061400926514107,0.9100456890779471,0.9040919415112963,0.9817252056860559
0.9192708333333334,0.8924094883768017,0.887101338735673,0.9858077760581416
0.8827059465357338,0.862123256860099,0.8490519227361333,0.9724405144091515
0.8926926926926927,0.8897759103641456,0.8940361599185128,0.9857273103957132
0.9341955741626794,0.9297772066695018,0.9230266324135018,0.9890775267241868
0.8884846113719354,0.885829307568438,0.8675547748011516,0.9782997896508036
0.8499037487335359,0.8470903617455341,0.8440560252472479,0.9715604720661954
0.9198145604395604,0.9027625354777673,0.8979336601588257,0.9830770611343892
0.9267769607843137,0.8921059168039324,0.8880339991015338,0.9841522791216276
0.9097326454033772,0.8969057665260196,0.8924348974981886,0.9815087381817187
0.8726951827242525,0.8460056133625411,0.8447354708088551,0.9690835316040728
0.8937952291610828,0.9015774370879077,0.8999265763012922,0.9837966423384039
0.8301192145862553,0.824205744596806,0.8513528718709014,0.9702451072842861
0.8821834415584416,0.8618492233775283,0.8467034875353081,0.9772526370688136
0.8550112728018037,0.8642503875396766,0.8582215451928303,0.977875675586346
0.8724827768945416,0.8756856540084388,0.8722043216979926,0.9823769793515504
0.9049540266328472,0.9057915908856256,0.9099547949092468,0.9795354877084789
0.8990384615384616,0.8829365079365079,0.8868205868205868,0.9835114771025587
0.8667257264351524,0.8655590280969452,0.8567611959283988,0.9765712382042031
0.8763528138528138,0.8693039416723627,0.8868645442808122,0.9803467789174425
0.8527756318287165,0.8586474065285292,0.8817000314273542,0.9840706888480824
0.8553911205073996,0.8612852558460726,0.8499312106071479,0.9756743956600378
0.9134615384615384,0.8909722222222223,0.8876262626262625,0.9823624668435014
0.9571321321321322,0.9284147391491527,0.9175196606193436,0.984872122122122
0.9062854509359046,0.9092369477911646,0.8936010709504685,0.9783272420123141
0.9363327674023769,0.9089241654656461,0.8950862536965214,0.9791171331155033
0.9052501552501553,0.8951690821256038,0.8974322939540331,0.9829826576985667
0.8732252141982865,0.8512806637806638,0.8234050461323189,0.962868963419827
0.9039065772936741,0.8974159216687951,0.9024928209296025,0.9893287715868361
0.9252631578947368,0.9246098616484164,0.9213814096641453,0.9885506385177529
0.840296354576449,0.8404674010703542,0.8639526638706295,0.9784717281548739
0.8588235294117648,0.8414454977709974,0.8747840746522936,0.9773413217138707
0.8707335951068489,0.8804212843855136,0.885830619673881,0.9806118173715274
0.8799107142857143,0.8699961087601538,0.874139026335145,0.9755851007124081
0.8621404002501563,0.8463418290854572,0.8701947208214075,0.9737092112417878
0.8700081833060557,0.8624794745484401,0.8635398318156938,0.9746287412758432
0.8818339453284374,0.875388198757764,0.8714285714285713,0.9770788745049221
0.900878279214823,0.897862554112554,0.8798963662600026,0.9771983235932733
0.9414948453608247,0.9123653395784543,0.9073456816407636,0.9809836489005682
0.840451933124347,0.8362720302856779,0.8383745837840131,0.9670736572348813
0.8989417272867978,0.8865577460945494,0.8921278271493157,0.9842755351314808
0.8934491978609626,0.894687519588792,0.891970238332678,0.983158464922635
0.8921447622290319,0.8830392532924178,0.8760090355027064,0.9768272797421174
0.9283459595959597,0.9063961362988309,0.8937316708574194,0.9797049712136154
0.9319685690653433,0.9118670761477282,0.8986351108533958,0.980930126906858
0.8368789640591967,0.8102193474064389,0.8009101853581585,0.9602321676694359
0.9352904040404041,0.9220817624011237,0.8999173370430855,0.9829673204408935
0.9438375350140056,0.9188742069110167,0.9102002564579252,0.9854533602058708
0.8574175824175825,0.8243789202939285,0.830507369965697,0.9696642547322134
0.8328218389648024,0.8358363801854338,0.8629853867971143,0.9739314755523437
0.8361406619385343,0.8192168184173514,0.8712668770763374,0.9789012373608271
0.9474116161616162,0.9444555170781535,0.9519021400632801,0.994783040360313
0.8654619273175974,0.8619688176273854,0.8825751316032646,0.9765686448418384
0.8749784649840641,0.8791260688009545,0.8754297800032539,0.9692897010875811
0.8789915966386554,0.8726191908256146,0.8833689961080795,0.9846484716648494
0.8976276623521952,0.8774420024420024,0.8627779627779628,0.9761384409013686
0.887265037593985,0.8666487742849995,0.8800092983533325,0.9816462212271481
0.8884678539850954,0.8693201376936317,0.8750336410577375,0.9854152245950971
0.9200280112044819,0.909231304832196,0.8852039008663434,0.9767729849392333
0.8916037249370583,0.8699442477724761,0.8532622930344955,0.9767825724462403
0.9213443090484833,0.9027964676198486,0.9001508779978082,0.9828226595643175
0.8718295593295593,0.8689872681621957,0.8734362901224547,0.9823131600082526
0.9047534676521211,0.8960816563467493,0.8992065390749602,0.9787230730952533
0.9016608391608392,0.8875677506775067,0.871120965755112,0.9800442612942613
0.8386126704089816,0.8177908113391985,0.865010219497023,0.9799610021971559
0.9278273809523809,0.9059468524251806,0.9076911530162304,0.9897056187932736
0.915374677002584,0.9062660900010298,0.9108209060016289,0.9911392195392785
0.8880494505494505,0.8824337831084457,0.8990625899171627,0.9865391409509057
0.8425958188153311,0.8399286987522282,0.8560687084751256,0.9780885504477165
0.8568931068931068,0.8492582765482724,0.8406769254384282,0.9746705067256841
0.878639036866885,0.8832422442464026,0.8830898720010072,0.9789876006034105
0.9093679138321995,0.9209132451706709,0.9096993615445461,0.9782763877420784
0.9029239766081871,0.8635868125598549,0.8570539430616453,0.9766640130678672
0.8662802840434419,0.8498293719452397,0.8750125579058993,0.9843450578761626
0.9219987329743426,0.8872025999509444,0.8975256613225707,0.9847749218094687
0.9188530734632683,0.9019616204690831,0.8896215028752342,0.9786158240380213
0.8754884004884005,0.8419023591805698,0.8519634842831625,0.9748673337401769
0.8884625924910934,0.8413491801214867,0.833652691583954,0.9701933316146607
0.8527777777777777,0.8507290513104466,0.8657829681085494,0.9792537439915534
0.873021305724309,0.866884203480589,0.9067887712466026,0.9900623987013126
0.8538333925820594,0.8454100345404694,0.8904578743313922,0.977644400375784
0.8930555555555555,0.870630081300813,0.8601626016260163,0.9827144702842378
0.936828678839957,0.9178987678987679,0.897161828070919,0.9850544572026423
0.8926587301587301,0.8841292134831461,0.8785738605963325,0.9826211099732605
0.862854991394148,0.8562831118133656,0.8454512595046102,0.969694320957828
0.8913502109704641,0.8969057665260196,0.8911784511784512,0.9815008297483334
0.8861287758346581,0.8774697683951629,0.875523176010981,0.9798663553259142
0.8843085106382979,0.8341170493802073,0.8363075255706834,0.9697716132531022
0.8784424724602202,0.8922475616752725,0.8990055459934979,0.9825548322587737
0.8897946084724004,0.8715424599076366,0.8782647693246107,0.9778090092688331
0.88259778012685,0.8782409318016997,0.8527665943879518,0.9775556239564008
0.9072927306775622,0.8979222400570714,0.9275036075036074,0.9885871550543713
0.7815170940170939,0.7805534055727553,0.8125766957500704,0.9664648622981956
0.9093517673144647,0.8926313105558388,0.8858597190672665,0.9825771005774018
0.9522920203735145,0.8775015212677517,0.920068917389772,0.9863210327855805
0.8841600730371273,0.8735087719298245,0.8570930356193515,0.971090509777161
0.8806451612903226,0.8785171339211483,0.8815722962918023,0.9765337069134614
0.9109848484848484,0.8685746989342464,0.8639973277463179,0.9747715677948235
0.9130456535334583,0.9039240900943029,0.8927157948434545,0.9815350014788294
0.9174588585434174,0.9043613375532782,0.9007590367081355,0.9861094116008977
0.892691645703694,0.8716450937470257,0.8938874804964078,0.9672683120582034
0.9257130736910149,0.9008160956690369,0.8900932400932401,0.9861570664347367
0.8299990865077189,0.8186941882594057,0.8301868043633525,0.9685312739668246
0.8792763157894736,0.8377525252525252,0.8763391490664217,0.9764693609022556
0.7807065217391305,0.7797853599740392,0.8146759889470009,0.966360234915222
0.840839800443459,0.8426647846932831,0.8795265465516843,0.9826504743914979
0.9101748251748252,0.9141666666666666,0.9053131313131313,0.9853490058062698
0.8767135642135642,0.8525740025740026,0.8692656292656293,0.9751639809213957
0.8812134502923977,0.8666666666666667,0.8767099567099567,0.9857693909984301
0.890430402930403,0.8702508960573476,0.8638383838383838,0.9755192420747977
0.8743738243738244,0.8743738243738244,0.8727272727272727,0.9784903206778207
0.8893862101666095,0.8809348309348309,0.8767228621774076,0.9764762770796127
0.8495535714285715,0.8263888888888888,0.8342087542087542,0.9658505797473945
0.903953853046595,0.8814497159872883,0.8656234289445011,0.9781663903811524
0.8910352880124546,0.8952877161007435,0.8829245744020497,0.9823798264604975
0.9349847560975609,0.9302605098389982,0.9219710522036104,0.9893890375602239
0.8642857142857142,0.8553256318693598,0.862829750719811,0.9711265225913445
0.8656963603772114,0.8792929292929292,0.8853872053872055,0.9807071202451754
0.8612567987567987,0.8571179632583141,0.8438660573482476,0.9635033527078981
0.8596514860874626,0.8670022707540239,0.8630539010623163,0.9734810489117145
0.8324215000685589,0.8350545037292025,0.8508666701437785,0.9735402264847453
0.8993055555555555,0.8836273678258411,0.867449250777495,0.9735727279607735
0.865055168408827,0.8497380849947285,0.866994540357217,0.9825643124563839
0.850019069412662,0.8536395454851402,0.8807210929687631,0.9833328587298539
0.9027379244380679,0.8856823291882715,0.8997213172425397,0.9862907645396124
0.8534090909090909,0.8279166666666666,0.8571717171717171,0.9768836507467124
0.854664820473644,0.8568794144452039,0.8527536126818424,0.9688685663953045
0.9089603283173735,0.9077972709551657,0.9166093685391931,0.9904596955953068
0.861509324009324,0.8616292459659982,0.8743591748261036,0.978939581048444
0.9033149799781579,0.9018344481133407,0.8984808375003955,0.9775902481990704
0.8324104774535809,0.8170096716149348,0.8527042353358144,0.9716683445180004
0.8803896920175991,0.8741592312971861,0.8861684795795983,0.978098186395937
0.9093099755201958,0.8928324995687424,0.898981186716222,0.9892212720389139
0.85801393728223,0.865943401925411,0.8626063924414749,0.975856405718105
0.9013081092349385,0.9143469423824673,0.9035792709705752,0.9873096958673926
0.8223039215686274,0.8280468673399353,0.8227699091117072,0.9622417374788649
0.873524844720497,0.8577285377863413,0.8716477556554626,0.9793736887620055
0.8611382909328114,0.8624507486209614,0.8687231654607541,0.9833164946823951
0.8807610993657505,0.8518685955394816,0.8780901236597439,0.9858287292557526
0.9067062818336162,0.88378106066672,0.8766569530681949,0.9780791776718043
0.9534722222222223,0.9304959353428621,0.9228686697152191,0.9898899032790753
0.8968779111184174,0.8778815711106234,0.869449024586481,0.9766927596226405
0.9047764227642277,0.9104860421349783,0.9162353051134482,0.9838651811759127
0.8904586404586405,0.8743894496906546,0.8830486565426325,0.9792624850457643
0.9419880319148937,0.9234740358335863,0.9068584416899023,0.9859458111069347
0.8760536398467433,0.8532459478906309,0.8404262461010927,0.9710108157012728
0.8752705627705627,0.8742766726943942,0.8948040988547317,0.9808592005268069
0.8929069119286511,0.8719120572708616,0.8585806369536807,0.9757224863277436
0.9019345238095238,0.903951595630756,0.9064376902457862,0.9850534290467177
0.9111254295532645,0.9070900537634408,0.9161412512218964,0.9851227829810809
0.9109774718951934,0.9017556517556518,0.9162242919818678,0.9888498803584866
0.9034722222222222,0.8790178571428572,0.8452561327561328,0.9701018518518518
0.8537467700258398,0.8303010223400228,0.8584101522609663,0.9740738943142679
0.8442307692307691,0.8412337662337662,0.8563872491145219,0.9771348168925664
0.9265531017146962,0.9389420103705819,0.9397690332755267,0.9950469925676795
0.88580007390983,0.8810969103993098,0.899250194162001,0.9849908843807057
0.8777006172839507,0.8646261817132135,0.8653252595231379,0.9720357177438876
0.8925198253586384,0.8814363143631436,0.8994333579699433,0.9820891680362607
0.8746010237880156,0.8603063956417097,0.8514807490189493,0.9783885979506663
0.8965773809523809,0.8952943246036458,0.8985048585998516,0.9848938781425117
0.841157945736434,0.8455092722894579,0.8623476911909222,0.9691075818114767
0.8631126257708536,0.8433896815933455,0.8290848857933335,0.9704280894291817
0.9210544357603181,0.9108166562434856,0.9110741561961075,0.9879476681065127
0.8671703296703296,0.8594322344322345,0.8305028305028305,0.9629007121727429
0.8441157007522987,0.8638021809003609,0.8874463484050771,0.9749523605510848
0.9260845295055821,0.9243045677256203,0.9094603694603695,0.984472406078578
0.8833610188261352,0.8842903405529633,0.8722933773981898,0.986101356305424
0.9041610436347278,0.8978415411748745,0.886930682486238,0.9821249325531339
0.9010469867211441,0.8853837285902503,0.8899399129636284,0.9831360904627048
0.9401785714285714,0.9269788182831661,0.9058950711124624,0.9830572974730584
0.9213032581453634,0.9220103578154426,0.9282919591394169,0.9906514304655801
0.8751812182191929,0.8687493458922031,0.8564320758606474,0.9723325171301909
0.9264075887392902,0.894654076428413,0.8866201672277508,0.9817836656022783
0.8541666666666666,0.8416387839539486,0.8556891527253104,0.9758975056496603
0.8553879310344827,0.8577399380804953,0.8864396284829721,0.9788343040225131
0.7839177830312583,0.7792478441392525,0.8387402611228865,0.9695693481879926
0.9031641604010024,0.899017199017199,0.9220460129551039,0.9861624603777617
0.9065934065934066,0.8936987322893364,0.8864013739181525,0.9796517283320656
0.9076613989404687,0.884010840108401,0.8815504639894884,0.9773070017345376
0.8707386363636364,0.8653788269693843,0.8508782353983593,0.9687758442157627
0.879583317302143,0.8736974789915967,0.8622792632204397,0.9763962706717237
0.8924358974358975,0.883057963163597,0.8753734528382415,0.9767207994643735
0.8446173052914625,0.8544972806707473,0.8479936572474385,0.9736145079004161
0.8879464285714286,0.8861653461611017,0.8756781167647043,0.9775894996856224
0.9098318713450293,0.9070242725439355,0.909770129994849,0.9837878676062701
0.880298424979276,0.8817287664892386,0.8803764560672684,0.9837468743050325
0.908192501942502,0.9061223571749888,0.9108388064177537,0.9816351208466207
0.9263565891472868,0.9045494477911646,0.9043333941827917,0.9849090241071934
0.8798029556650246,0.8772546897546898,0.8762276444094627,0.974385736564316
0.8988320707070707,0.8898127949217287,0.8759811431671218,0.9776656550382375
0.8948452862926548,0.9065207784971854,0.9108095693044492,0.988142214286093
0.8260282717738259,0.8253726967594196,0.8339841300020804,0.9817234072560147
0.8334034202410989,0.8391049313694084,0.8566709213365927,0.9765850063426837
0.8850300459526335,0.888088089954687,0.8793656067641187,0.9850413121761926
0.9046755088421754,0.8982991346179687,0.8925289336157674,0.9817699096447053
0.867989417989418,0.8511298407308594,0.8634986782694763,0.98309390482111
0.842954042081949,0.8497380076102551,0.8872690223298421,0.9774068974895278
0.9149927232112638,0.9149927232112638,0.9151515151515152,0.9838091905310271
0.8222919100096491,0.8334179981072204,0.8789352355599641,0.9851905336083594
0.8794799498746868,0.8532927035720332,0.8857833797600175,0.9830094967512767
0.8886741906064751,0.8955653460252122,0.8676735193457603,0.9792327347446794
0.8818007662835249,0.8581422882359272,0.8599798436414516,0.97317106781803
0.9120429084760093,0.9017401362939121,0.8920941758470364,0.9835528936401391
0.9067683253076512,0.8809532023953277,0.8873782602883862,0.9824363564496059
0.9003306194053349,0.9082341269841269,0.8795695045695046,0.9786690724183036
0.8554621848739496,0.8591148314504786,0.8650597440307525,0.9785595207000437
0.8948208370972599,0.8993883897985421,0.909842378893902,0.985487129568343
0.8676601938535843,0.8478250783187089,0.8433620648154522,0.9696240300953036
0.893562030075188,0.8960985691573926,0.891693173387291,0.9821952467991554
0.8963517665130568,0.9054775739894944,0.897535772850821,0.9868378201845943
0.8989177489177489,0.8848825314771862,0.8635302182645301,0.9795906542357415
0.9107819264069263,0.9051438757321111,0.8969480905309782,0.9890926196474829
0.8650106837606837,0.8587288786482334,0.8357486384583158,0.9689608936872095
0.903035043804756,0.8830423280423281,0.8786634599967933,0.9834064890759308
0.8685848634124497,0.8637175324675325,0.8650354191263282,0.9804568089521067
0.8877127774186598,0.8634028294862249,0.8774999435907851,0.9797718247145728
0.8671545358649789,0.862099358974359,0.850846930846931,0.980194621708897
0.8888657888657889,0.8755440637793579,0.8767337237925472,0.980562433701414
0.8515996760149843,0.8544458166100648,0.8651761205759354,0.9807470760466819
0.9211664152840624,0.9065024851011707,0.9055036264703428,0.9847230452009863
0.8945291599785982,0.8828691539674199,0.8924052930779154,0.9825535072525851
0.8202838827838828,0.8402852049910874,0.8396305298979098,0.9695988844380659
0.9258232016210739,0.9181807141122176,0.90667373271211,0.98688122186474
0.8646951088127559,0.8742435101130753,0.8769182508312945,0.9832548151144762
0.8662008281573499,0.8718153355024864,0.8634267036501673,0.9767336627120081
0.8782549160456138,0.8789808117339762,0.8751194890435398,0.9802647815441147
0.8766213791335554,0.8712902422317703,0.86880914506545,0.9773708160581013
0.8390338827838828,0.816260987153482,0.8398959165693446,0.9719442111790899
0.9146270396270396,0.8858122143747402,0.894163236016165,0.9834802635340912
0.8834617180205415,0.8590839543739309,0.8645833772887076,0.9771106232522224
0.8938055755827926,0.8823308270676691,0.8818045112781955,0.9771163751786264
0.8740257699560026,0.8786502019260639,0.8849878091257403,0.9838878047440762
0.8759920634920635,0.8697530864197531,0.8866891133557802,0.9805697978123453
0.9098214285714286,0.8976893711070926,0.8996718237224565,0.9799337824263872
0.8406565656565657,0.8207868155236576,0.8527939683920546,0.9731684848125797
0.8499972741645314,0.8416719422229687,0.8347716124566552,0.9699253879432269
0.8916734307359307,0.8946331947371419,0.8771507177487697,0.9813821085609925
0.9221497447532614,0.905952380952381,0.8914574314574314,0.9758403209337431
0.8854420731707316,0.8552182484422528,0.84742495318029,0.9700966361741107
0.8531828703703704,0.841117216117216,0.8748251748251747,0.9732711688137413
0.8804166666666666,0.8703286858027786,0.8535084952538754,0.9750758513547104
0.9141151685393258,0.8821154898741106,0.8691894312583966,0.975053018414804
0.831439393939394,0.8219859697731142,0.8525322938389324,0.9772522300931392
0.8826414095583788,0.8818067791885916,0.8667459942699217,0.9832826019726351
0.907967032967033,0.9021428571428571,0.8863030303030304,0.984366454104227
0.9150275373721479,0.8949282567840344,0.8928416484592964,0.984741096879046
0.8440274841437632,0.8220346598202825,0.8527650834403081,0.9652359945376511
0.8753030439076952,0.8573463573463573,0.877724744391411,0.9887321823887715
0.8607415107415107,0.8621196283391406,0.881704994192799,0.9840716984391553
0.8739898989898991,0.8616896459488376,0.8684084056202527,0.9827636322228799
0.8797619047619047,0.8824329576369996,0.8679433275624492,0.9756145325094989
0.9420855509560417,0.9206151362984218,0.9224757619233946,0.9902710701966512
0.9328455284552846,0.924786043449638,0.927875196999621,0.9878704140804848
0.9200200534759359,0.9165222201733358,0.9111892668153041,0.9866956208482947
0.9244318181818181,0.9096102491295676,0.9037483648983498,0.9866671333716788
0.896634935428039,0.8575259420076539,0.8599831848065583,0.9822222249828616
0.8079226285108638,0.820261851969169,0.8343043997145994,0.9680583524701172
0.9079555490138358,0.9041025641025642,0.8874840714840716,0.98332512992793
0.8763578375647342,0.8795894028452168,0.8817616492035096,0.9788701588770097
0.9162761355443403,0.9017033941236069,0.8919538853581406,0.9839258242995657
0.8863856589147288,0.8654943763639416,0.8771519119345207,0.9811138731461921
0.8768559993364025,0.8587712096332786,0.8542445804514769,0.9675891744958754
0.9107142857142857,0.9044176626293414,0.8922396338454732,0.9810158657239618
0.8907967032967034,0.8706102629915529,0.8586828075417727,0.974586231023108
0.9178399725274725,0.8957074142747062,0.8970467534135421,0.9899063862879651
0.9155523255813954,0.8828758724768913,0.874664014222588,0.9730223269088503
0.8808161708619375,0.8614800376394677,0.8717491353920981,0.9798648942834927
0.8308946488294314,0.8262652403956752,0.8004096172212113,0.954402112284612
0.8977095059412132,0.8814857744994731,0.8756486253472555,0.9793354173307468
0.8880292501616031,0.8600148920327625,0.8717841106523162,0.9793605342007587
0.8531492039586919,0.8441042510121457,0.8511090663722242,0.9720278109107562
0.8671245421245422,0.8633819041222828,0.8692281871327854,0.9760946293489398
0.9055871212121213,0.9036659542988656,0.9167924518902655,0.9891125650294286
0.9015406162464986,0.8812087035771246,0.8881494369532648,0.9773930857166151
0.9086378737541528,0.9076050358659054,0.8815031296717726,0.9835810572525537
0.9052579365079365,0.9059017438899619,0.8984965200196365,0.9882923149545937
0.8908327194920902,0.8744192799070848,0.8757012635061416,0.9805739979552512
0.9140646587455098,0.893955762571331,0.8675601648834834,0.9725244541109828
0.8980576441102758,0.9075028623556024,0.8861733062879867,0.983280394858107
0.8791218637992831,0.8656299840510366,0.8515393166110868,0.9749324880971488
0.9076510721247564,0.8774332624616111,0.8688963339990982,0.9786077684958745
0.9399456521739131,0.9058442601016858,0.8981798071699063,0.9840765229016508
0.9146115512394583,0.8968018415123911,0.8986094859853306,0.9841419782461449
0.8843668603486275,0.8860482654600301,0.9055678961561315,0.9839013054519026
0.8636363636363636,0.8541478899752433,0.8807851828957782,0.9742849654823457
0.91875,0.9011774932827563,0.8925106925106925,0.9874856372583645
0.8794366552987243,0.8679292253730456,0.868854858555233,0.9794648501794045
0.8690934065934066,0.8795179940236456,0.8922361722985342,0.9795122752583018
0.8892455858747994,0.8856050750486102,0.8703560003069004,0.9796843045220622
0.8925667828106852,0.8991437549096621,0.8997622414244567,0.9832004065467965
0.8385281755534919,0.8505503642698764,0.8743504093836687,0.9843945470432397
0.9455426356589147,0.916102013928101,0.9046079085604778,0.9888952481615481
0.8312796641109894,0.8578880294004326,0.8492313550729128,0.966833086608196
0.911227037631532,0.9076902025177886,0.9038184803702045,0.9863889789554355
0.8759075439591605,0.8695807412900478,0.8638693614345574,0.9801823318467262
0.9326700898587933,0.895170840918126,0.887350664386632,0.9852305285091322
0.8769667832167832,0.8621197274780681,0.8759342134409415,0.9788658085064131
0.8834624211130235,0.8733474172004907,0.8561884347082658,0.97128398681372
0.8810586734693877,0.8953980434710658,0.8798639023606752,0.9801018939978801
0.8960069444444444,0.8619628335587143,0.8655200885725829,0.9831423579022776
0.9173891129032258,0.9020141810815023,0.9052032243897601,0.9865363790300123
0.9216607036374478,0.9308265876847898,0.9343062700211574,0.9892481897841298
0.8678571428571429,0.8663870851370851,0.883134374043465,0.9847654188238417
0.881533653410635,0.8780855123753315,0.8800261683386634,0.9804809725390506
0.8837836632780453,0.8477253083994656,0.8957725284589432,0.980532880564973
0.9191836734693877,0.8974844036127752,0.8790636430414202,0.9756613096604356
0.9297650709219857,0.9246861471861471,0.9162802046438411,0.9866395086804205
0.8555847772277227,0.8149935601181908,0.8882718846928256,0.9789668820337002
0.8719104135470394,0.8667707995239641,0.8609583337431438,0.978925417242398
0.8782467532467533,0.8630268199233716,0.8585626378729826,0.9729301729647681
0.8900217181467182,0.885418519836328,0.8782746518736556,0.9769474272963974
0.8774626517273576,0.8864814814814814,0.8925925925925926,0.9852373533664383
0.7688860252004582,0.7666666666666666,0.82996632996633,0.9735831357357565
0.9083333333333334,0.8733386496544391,0.8697759090103588,0.9782822016388895
0.9141025641025642,0.8839954259951266,0.8807354519108027,0.9870283709525196
0.8798371151492328,0.8752289377289377,0.8806637806637806,0.9814790520559059
0.9247800586510264,0.9053045515394913,0.9124274877286924,0.9863459879071337
0.8842156862745099,0.8823923508797458,0.8796049549296303,0.9761624486477427
0.8965073439711121,0.9081853567522357,0.8985585248353054,0.9859929796346392
0.8626785714285714,0.8420977429041946,0.8361704813317716,0.9729555928321911
0.9074810606060607,0.8982604156619327,0.8912216996030238,0.9844711652231705
0.837864921223355,0.8425808720112518,0.8350381451647274,0.9687580576081356
0.8854047998784842,0.8641552802962584,0.8756578168351886,0.9787013059350113
0.8521021586345382,0.8510805055810085,0.8661483535771166,0.980434046627245
0.8997093023255813,0.8932216905901116,0.8749736600454303,0.9839095243392788
0.8480566534914362,0.8327040012011111,0.8423691915021395,0.9694437298356333
0.8789208801498127,0.8404516711833785,0.8481215406093454,0.974381604726456
0.9113313008130081,0.9131402699766544,0.8929900558879131,0.9772661959133778
0.8884370202967764,0.8827014829142488,0.8709752847625188,0.9725809633909772
0.8457516339869281,0.8292415169660678,0.8314764410572795,0.9755006901827736
0.8552481052481054,0.8599930205434793,0.8664648523975741,0.979996555879558
0.8545698924731183,0.8562443438914027,0.8385630056218292,0.9632027479091996
0.8837609970674486,0.8913194444444444,0.91006734006734,0.9865324734952834
0.8253919735327964,0.8065171671982363,0.7987481359390944,0.9584133313445202
0.8816770186335403,0.8868524983250468,0.8793926785040719,0.9824426185677266
0.9190999823352765,0.9052859421280475,0.9042454621401991,0.9867610775541448
0.9013539651837524,0.8553596578334209,0.8472274685168238,0.967343696305343
0.8058908045977012,0.8070903647250953,0.8810148298444432,0.975430628263517
0.8836680761099366,0.8676669919757103,0.878598936666601,0.9781944084244376
0.8552836672157571,0.8554400762281196,0.8521052564036753,0.9712886577900745
0.8322719449225473,0.8416197623514696,0.8325241154509447,0.9631639808049606
0.868831168831169,0.8603468899521531,0.8693852399594025,0.981337213155395
0.9251700680272109,0.9017614287489473,0.8941019400516549,0.9882035965298225
0.8917109929078015,0.8863354037267082,0.8967664219838133,0.9836347041421049
0.9212749615975423,0.8532770919340792,0.8709030836072578,0.9759521552880464
0.9115288220551379,0.9023836765827612,0.8936342833368005,0.9813907846539426
0.8955973693825356,0.894542365912509,0.8895609780408689,0.9808695765978914
0.9006766162711646,0.8866415572396319,0.8679512174152716,0.9834650556661458
0.8871980676328501,0.8546098612792896,0.854958275637646,0.9718884607644924
0.9036928633702828,0.8629335260115607,0.8891592222806096,0.972171398921635
