gene,times_selected,selection_frequency
DNALI1,5,1.0
AR,5,1.0
WFS1,5,1.0
NCAPG,5,1.0
BCAS1,5,1.0
LRRC46,5,1.0
NCAPH,5,1.0
GMPS,5,1.0
SPEF2,5,1.0
SPEF1,5,1.0
EML4,5,1.0
HMGA1,5,1.0
PSME4,5,1.0
TRIM3,5,1.0
FZD9,5,1.0
SERPINA11,5,1.0
TIGD6,5,1.0
NEIL3,5,1.0
BPI,5,1.0
CCDC125,5,1.0
A2ML1,5,1.0
CMBL,5,1.0
KCMF1,5,1.0
SLC4A8,5,1.0
SUV39H2,5,1.0
CXorf49B,5,1.0
RFC4,5,1.0
FAM19A3,5,1.0
CAMKV,5,1.0
TROAP,5,1.0
CDCA8,5,1.0
CDCA5,5,1.0
CDCA7,5,1.0
CDCA3,5,1.0
CDCA2,5,1.0
SPDEF,5,1.0
RGS22,5,1.0
RPIA,5,1.0
NEK10,5,1.0
FOXM1,5,1.0
CT62,5,1.0
C9orf116,5,1.0
LPIN1,5,1.0
PRRT3,5,1.0
CCNA2,5,1.0
XBP1,5,1.0
TIGD2,5,1.0
REEP6,5,1.0
CCDC103,5,1.0
MAP3K12,5,1.0
CACNA2D2,5,1.0
DNAJC12,5,1.0
KCNJ11,5,1.0
HAPLN3,5,1.0
ZBTB42,5,1.0
CXorf61,5,1.0
C14orf45,5,1.0
SHCBP1,5,1.0
PPP1R14C,5,1.0
C11orf75,5,1.0
GSG2,5,1.0
NR2E1,5,1.0
LRP8,5,1.0
PLOD1,5,1.0
VAV3,5,1.0
DLX6,5,1.0
ROPN1B,5,1.0
SLC7A8,5,1.0
PTX3,5,1.0
SUSD3,5,1.0
UBXN2A,5,1.0
FAM171A1,5,1.0
AFF3,5,1.0
RGR,5,1.0
C15orf42,5,1.0
CCDC96,5,1.0
C9orf98,5,1.0
ESYT3,5,1.0
TMEM25,5,1.0
MTHFD1L,5,1.0
TMEM63C,5,1.0
TSPAN1,5,1.0
LCT,5,1.0
C5orf36,5,1.0
C5orf30,5,1.0
SUOX,5,1.0
PCP2,5,1.0
CCDC82,5,1.0
FAM161B,5,1.0
GFRA1,5,1.0
HORMAD1,5,1.0
APH1B,5,1.0
TTC36,5,1.0
WWP1,5,1.0
ATL2,5,1.0
BCAM,5,1.0
SCUBE2,5,1.0
SCNN1A,5,1.0
CHRM3,5,1.0
AMY1A,5,1.0
FAM54A,5,1.0
KIFC1,5,1.0
NCRNA00092,5,1.0
FAM83D,5,1.0
DEPDC1B,5,1.0
CYP2B7P1,5,1.0
CELSR1,5,1.0
ABCC11,5,1.0
DCTN4,5,1.0
ADAMTS15,5,1.0
MYB,5,1.0
TMBIM6,5,1.0
OPRK1,5,1.0
POU5F1,5,1.0
LIMA1,5,1.0
C6orf97,5,1.0
CCNB2,5,1.0
CKAP2L,5,1.0
C11orf86,5,1.0
TBX19,5,1.0
SKA1,5,1.0
HJURP,5,1.0
DACH1,5,1.0
UCK2,5,1.0
DNAH5,5,1.0
DNAH7,5,1.0
BUB1,5,1.0
SLC44A4,5,1.0
GDF5,5,1.0
C1orf64,5,1.0
MICALL1,5,1.0
ASPM,5,1.0
DEGS2,5,1.0
PAPSS1,5,1.0
DYNLRB2,5,1.0
LRTOMT,5,1.0
IGF2BP3,5,1.0
ACADSB,5,1.0
MAPK4,5,1.0
RAB17,5,1.0
PLK1,5,1.0
UGP2,5,1.0
MRAS,5,1.0
LPO,5,1.0
C7orf63,5,1.0
FBP1,5,1.0
CDKN3,5,1.0
PRC1,5,1.0
DONSON,5,1.0
CDC123,5,1.0
L3MBTL4,5,1.0
SOX11,5,1.0
GABBR2,5,1.0
GFRA3,5,1.0
GATA3,5,1.0
APBB2,5,1.0
TTC39A,5,1.0
TTK,5,1.0
BLM,5,1.0
ACE2,5,1.0
NCAPD2,5,1.0
KIF18B,5,1.0
KIF18A,5,1.0
ERBB4,5,1.0
IFRD1,5,1.0
FAM114A2,5,1.0
SLC6A2,5,1.0
SRPK1,5,1.0
PRR15,5,1.0
PIF1,5,1.0
KCNK15,5,1.0
KDM4B,5,1.0
DNAL1,5,1.0
CDC25A,5,1.0
C16orf61,5,1.0
LOC100130148,5,1.0
RHOB,5,1.0
UGT8,5,1.0
GINS1,5,1.0
CHEK1,5,1.0
IGFALS,5,1.0
SLC15A1,5,1.0
TFF3,5,1.0
C9orf152,5,1.0
CLSTN2,5,1.0
LEMD1,5,1.0
GPR81,5,1.0
ROPN1,5,1.0
RAD54L,5,1.0
C9orf170,5,1.0
KCNN4,5,1.0
C20orf26,5,1.0
DSC2,5,1.0
CYP4Z2P,5,1.0
FAM123B,5,1.0
ANXA9,5,1.0
SFT2D2,5,1.0
RASGEF1C,5,1.0
KIAA1370,5,1.0
PELI1,5,1.0
NOSTRIN,5,1.0
FBXL5,5,1.0
ATP6V1C2,5,1.0
PADI2,5,1.0
SYBU,5,1.0
POLQ,5,1.0
KRT18,5,1.0
SEPHS1,5,1.0
INPP5J,5,1.0
RERG,5,1.0
PRSS33,5,1.0
NCRNA00162,5,1.0
NUDT12,5,1.0
CLCN4,5,1.0
AURKB,5,1.0
AURKA,5,1.0
EXOC6,5,1.0
PDSS1,5,1.0
TBC1D9,5,1.0
PSAT1,5,1.0
RAD51AP1,5,1.0
LOC285629,5,1.0
WNT6,5,1.0
ABLIM3,5,1.0
SYTL5,5,1.0
PRKX,5,1.0
RBM17,5,1.0
ZNF695,5,1.0
SYTL4,5,1.0
TPRG1,5,1.0
ZMYND10,5,1.0
SKA3,5,1.0
NCK2,5,1.0
LOC284578,5,1.0
IL12RB2,5,1.0
ANKRA2,5,1.0
ADCY9,5,1.0
LASS6,5,1.0
POU4F1,5,1.0
ERGIC1,5,1.0
IVD,5,1.0
KLHDC1,5,1.0
GSDMC,5,1.0
ATP8B1,5,1.0
MAGED2,5,1.0
SLC26A9,5,1.0
TLE3,5,1.0
DLGAP5,5,1.0
GTPBP4,5,1.0
C11orf90,5,1.0
CAPN13,5,1.0
MEMO1,5,1.0
TTC8,5,1.0
ABCC8,5,1.0
RALGPS2,5,1.0
KIF23,5,1.0
E2F2,5,1.0
NXNL2,5,1.0
RARA,5,1.0
FAM198B,5,1.0
REEP1,5,1.0
TENC1,5,1.0
MCCC2,5,1.0
C1orf135,5,1.0
FAM72A,5,1.0
FAM72B,5,1.0
FAM64A,5,1.0
EPB41L5,5,1.0
SOX8,5,1.0
CDC45,5,1.0
LOC100127888,5,1.0
GP2,5,1.0
STIL,5,1.0
FSIP1,5,1.0
C16orf57,5,1.0
?|90288,5,1.0
RND1,5,1.0
SYT9,5,1.0
LRRC48,5,1.0
LOC145837,5,1.0
OLAH,5,1.0
E2F3,5,1.0
TPX2,5,1.0
C4orf34,5,1.0
C14orf174,5,1.0
LONRF2,5,1.0
YEATS2,5,1.0
MKL2,5,1.0
EN1,5,1.0
KCNK5,5,1.0
FLJ36031,5,1.0
ZNF552,5,1.0
CRY2,5,1.0
IL6ST,5,1.0
SCRG1,5,1.0
SLC16A6,5,1.0
PCSK4,5,1.0
CIRBP,5,1.0
PTPRT,5,1.0
RABEP1,5,1.0
LMX1B,5,1.0
ORC1L,5,1.0
B3GNT5,5,1.0
CPLX1,5,1.0
KIAA0020,5,1.0
FAM47E,5,1.0
GPSM2,5,1.0
CDK2AP1,5,1.0
GAL,5,1.0
ANKRD30A,5,1.0
CENPA,5,1.0
HHAT,5,1.0
FSCN1,5,1.0
CENPW,5,1.0
KCNQ4,5,1.0
CTPS,5,1.0
AGR3,5,1.0
AGR2,5,1.0
ZNF703,5,1.0
YBX1,5,1.0
GREB1,5,1.0
VGLL1,5,1.0
DSCC1,5,1.0
EZH2,5,1.0
KIF14,5,1.0
AKR7A3,5,1.0
GAMT,5,1.0
CA12,5,1.0
MSX2,5,1.0
FANCA,5,1.0
GTSE1,5,1.0
SKP1,5,1.0
TFF1,5,1.0
DEPDC1,5,1.0
CRYAB,5,1.0
ARSG,5,1.0
CENPO,5,1.0
THSD4,5,1.0
TSC22D3,5,1.0
UBXN10,5,1.0
KIAA0141,5,1.0
CENPN,5,1.0
P4HTM,5,1.0
CENPE,5,1.0
OCA2,5,1.0
SFRS13B,5,1.0
TCEAL1,5,1.0
BUB1B,5,1.0
PREX1,5,1.0
RUNDC1,5,1.0
KIF4A,5,1.0
C6orf211,5,1.0
FAM174A,5,1.0
FAM174B,5,1.0
WDR19,5,1.0
SGOL1,5,1.0
CHODL,5,1.0
GIN1,5,1.0
MAGEB4,5,1.0
DBF4,5,1.0
FLJ45983,5,1.0
RGMA,5,1.0
ENPP1,5,1.0
TTLL4,5,1.0
INPP4B,5,1.0
USP6NL,5,1.0
BCL11A,5,1.0
STMN1,5,1.0
KRT16,5,1.0
LCMT2,5,1.0
GABRP,5,1.0
FAM136A,5,1.0
GPD1L,5,1.0
CAPN8,5,1.0
ABAT,5,1.0
C17orf28,5,1.0
SLC7A5,5,1.0
CKS1B,5,1.0
BBS4,5,1.0
BBS1,5,1.0
ART3,5,1.0
STAC,5,1.0
CASC1,5,1.0
CPEB2,5,1.0
INGX,5,1.0
MCM10,5,1.0
SIDT1,5,1.0
GPR77,5,1.0
C10orf32,5,1.0
TRIP13,5,1.0
SLC22A5,5,1.0
REEP5,4,0.8
SKP2,4,0.8
LOC84856,4,0.8
KIF11,4,0.8
IGFBP4,4,0.8
PSMB2,4,0.8
CHST4,4,0.8
CDK1,4,0.8
FAM63A,4,0.8
EFCAB6,4,0.8
MFI2,4,0.8
DEK,4,0.8
HEXIM1,4,0.8
LOC84740,4,0.8
GALNT10,4,0.8
IL34,4,0.8
TLX3,4,0.8
TCF7L1,4,0.8
ST8SIA1,4,0.8
RIPK2,4,0.8
NPM2,4,0.8
RAB5B,4,0.8
PAK1IP1,4,0.8
EVL,4,0.8
C12orf72,4,0.8
ULBP3,4,0.8
KIF20A,4,0.8
FERMT1,4,0.8
ABCA13,4,0.8
CXCL5,4,0.8
FANCB,4,0.8
MAD2L1,4,0.8
LRFN2,4,0.8
SYTL2,4,0.8
RAD51,4,0.8
FBXO38,4,0.8
LRRC56,4,0.8
MASTL,4,0.8
FOXP1,4,0.8
SLC6A14,4,0.8
PCBD2,4,0.8
RNF103,4,0.8
AGGF1,4,0.8
MCM7,4,0.8
DALRD3,4,0.8
MATN4,4,0.8
ENO1,4,0.8
RBM47,4,0.8
DKC1,4,0.8
MSLN,4,0.8
WNK4,4,0.8
C9orf30,3,0.6
TTYH1,3,0.6
KCNS1,3,0.6
MGC3771,3,0.6
ETV6,3,0.6
MOBKL2B,3,0.6
IL22RA2,3,0.6
PRDM13,3,0.6
KIAA1324,3,0.6
TMEM39B,3,0.6
GRPR,3,0.6
DLX6AS,3,0.6
LDHB,3,0.6
BHLHE40,3,0.6
TMEM171,3,0.6
TMCC2,3,0.6
PM20D2,3,0.6
LRIG1,3,0.6
COQ7,3,0.6
DNMT3B,3,0.6
FBXO36,3,0.6
RAI2,3,0.6
LRRC17,3,0.6
TGFB3,3,0.6
KIAA0232,3,0.6
FABP7,3,0.6
C4orf32,3,0.6
CHAD,3,0.6
CTSL2,3,0.6
F7,3,0.6
SEMA3F,3,0.6
UGCG,3,0.6
C1QL2,3,0.6
TSPAN13,3,0.6
RANBP1,3,0.6
C9orf64,3,0.6
PGPEP1,3,0.6
GJB3,3,0.6
ZIC1,3,0.6
C15orf23,3,0.6
KIF15,3,0.6
KRT9,3,0.6
RARRES1,3,0.6
RAET1L,3,0.6
IGF2BP2,3,0.6
CCDC48,3,0.6
ECE2,2,0.4
ACOT4,2,0.4
TUBB,2,0.4
NEK9,2,0.4
TTC7A,2,0.4
OIP5,2,0.4
TOX3,2,0.4
ARHGAP11A,2,0.4
TCF19,2,0.4
CRIP1,2,0.4
HRCT1,2,0.4
C1QL4,2,0.4
ARL9,2,0.4
STARD10,2,0.4
FAAH,2,0.4
TUBA1C,2,0.4
PALM,2,0.4
RAB27B,2,0.4
NPNT,2,0.4
KPNA2,2,0.4
C9orf40,2,0.4
ZNF396,2,0.4
TADA2B,2,0.4
C16orf71,2,0.4
RPH3AL,2,0.4
RHCG,2,0.4
ATP7B,2,0.4
PPYR1,2,0.4
C6orf218,2,0.4
SPAG5,2,0.4
PDCD5,2,0.4
PGLYRP2,2,0.4
ERCC6L,2,0.4
GSTP1,2,0.4
TMC5,2,0.4
KLK6,2,0.4
ANKLE1,2,0.4
NKX1-2,2,0.4
MCM6,2,0.4
FMO6P,2,0.4
IGF1R,2,0.4
PTCHD1,2,0.4
MYO5C,2,0.4
PNPLA4,2,0.4
MPP6,2,0.4
ZDHHC18,2,0.4
GRIK3,2,0.4
SCHIP1,2,0.4
CACNA1D,2,0.4
ANP32E,2,0.4
RSU1,2,0.4
RLBP1,2,0.4
RIOK1,2,0.4
MSL3,2,0.4
C10orf26,2,0.4
PHF15,1,0.2
CCDC150,1,0.2
KCNG1,1,0.2
NCK1,1,0.2
NUBPL,1,0.2
RACGAP1,1,0.2
C20orf103,1,0.2
TMC4,1,0.2
CCDC77,1,0.2
E2F1,1,0.2
CEBPB,1,0.2
TSPAN33,1,0.2
FMNL2,1,0.2
ZG16B,1,0.2
CHST2,1,0.2
FAM72D,1,0.2
RBM38,1,0.2
CSRP2,1,0.2
SLC25A37,1,0.2
CHRD,1,0.2
NUSAP1,1,0.2
UQCRH,1,0.2
SLC9A3R1,1,0.2
CMTM7,1,0.2
FAM134B,1,0.2
TSPAN15,1,0.2
FBN3,1,0.2
MALL,1,0.2
LRRC8D,1,0.2
KIAA1467,1,0.2
TRIM23,1,0.2
PVR,1,0.2
TEX10,1,0.2
RTN4RL1,1,0.2
BTF3,1,0.2
RMND5B,1,0.2
PPP1CB,1,0.2
LRRC50,1,0.2
WDR65,1,0.2
MYRIP,1,0.2
NOL10,1,0.2
ZNF454,1,0.2
TCTN1,1,0.2
C2orf55,1,0.2
RBM28,1,0.2
SPG11,1,0.2
KRT6B,1,0.2
WDR93,1,0.2
XPO5,1,0.2
CCDC40,1,0.2
PDIA6,1,0.2
BBOX1,1,0.2
ILF2,1,0.2
BAIAP2L2,1,0.2
TMBIM4,1,0.2
NBEA,1,0.2
LANCL3,1,0.2
C4A,1,0.2
C2orf77,1,0.2
CBX2,1,0.2
HDGF,1,0.2
RGS20,1,0.2
SEMA3B,1,0.2
UBASH3B,1,0.2
RALGAPA1,1,0.2
CALCOCO1,1,0.2
TMPRSS12,1,0.2
CENPL,1,0.2
AMD1,1,0.2
GLS2,1,0.2
STK38,1,0.2
MFSD2B,1,0.2
HSPA14,1,0.2
NEK5,1,0.2
CA6,1,0.2
FUT8,1,0.2
TRIM2,1,0.2
NT5DC2,1,0.2
KCNH1,1,0.2
MAN2B2,1,0.2
RASD2,1,0.2
SALL2,1,0.2
CREB3L4,1,0.2
MARVELD2,1,0.2
C19orf51,1,0.2
LMO4,1,0.2
DNAJC14,1,0.2
NRTN,1,0.2
CYP4B1,1,0.2
HRK,1,0.2
CCDC74B,1,0.2
SBSN,1,0.2
NUP93,1,0.2
